category,2.Frequency,3.gender,4.age,5.height,6.weight,7.qualification,8.living area,9.status,11.CGPA,12.monthly expenditure,13.game,13.anime,13.sports,13.online shopping,13.travelling,13.keep pets,13.skincare,13.technology,13.music,13.movie,13.starchaaser,13.TV series,13.photography,13.painting or calligraphy,13.personal finance,13.collection,13.dancing,13.cooking,13.DIY,13.automobile
Sub1,0.143904562,0.246571214,0.039320711,0.290658858,0.35338547,0.136964063,0.04241584,0.047916565,0.207292573,0.196225513,0.210912384,0.234785494,0.151208635,0.060162988,0.175136239,0.211261079,0.128018961,0.072617211,0.252773773,0.160811463,0.110473825,0.030772233,0.020819214,0.004786176,0.06045686,0.481688284,0.119378297,0.109157018,0.091442115,0.056140028
Sub5,0.069052169,0.15947,0.018867925,0.099751792,0.086618559,0.040573326,0.09677511,0.065484079,0.042183385,0.116238345,0.186431497,0.109575823,0.17219058,0.105350743,0.122859023,0.065484079,0.061429512,0.113893363,0.132363951,0.113893363,0.053010531,0.109575823,0.065484079,0.061429512,0.061429512,0.018867925,0.329379061,0.256978084,0.043878223,0.026938623
Sub17,0.138425966,0.411510635,0.145350185,0.263468522,0.240235454,0.111206897,0.145597808,0.195120206,0.166040373,0.234575245,0.503688663,0.432543516,0.245261601,0.13801685,0.149940479,0.001142926,0.306720543,0.226702441,0.026141024,0.094588729,0.193094056,0.377766847,0.10118706,0.00157811,0.06733651,0.011953437,0.191775698,0.029138481,0.020963395,0.19757192
Sub19,0.069052169,0.118316452,0.018867925,0.217106842,0.273181608,0.040573326,0.060981576,0.065484079,0.06135765,0.125179756,0.10120567,0.17219058,0.109575823,0.179096264,0.153573779,0.28812995,0.061429512,0.113893363,0.132363951,0.113893363,0.053010531,0.109575823,0.065484079,0.061429512,0.061429512,0.018867925,0.057283315,0.256978084,0.043878223,0.026938623
Sub20,0.330231234,0.280454304,0.084778486,0.207812253,0.23777835,0.017705335,0.335971084,0.131420669,0.221816332,0.144673577,0.238521292,0.209406271,0.078951263,0.115161439,0.017217599,0.007836143,0.19507158,0.015934709,0.066724442,0.054196633,0.109828799,0.017102423,0.003676508,0.094856381,0.039273858,0.115944108,0.074144096,0.085233993,0.03490561,0.032244268
Sub21,0.41182651,0.043795296,0.135941853,0.069794039,0.047317744,0.270781355,0.149172538,0.108212963,0.050890631,0.061519584,0.082503837,0.074986425,0.098028421,0.1072637,0.164522787,0.152967226,0.059531945,0.00995743,0.260998946,0.214934609,0.183441054,0.088087598,0.192700128,0.084007979,0.096414388,0.088412459,0.089776293,0.240501334,0.205607224,0.028269912
Sub22,0.208579083,0.318014282,0.079512128,0.097269752,0.08143339,0.012530714,0.003265942,0.186474845,0.044708979,0.054694015,0.275166176,0.443304954,0.059104697,0.20560992,0.171769771,0.032242931,0.216399622,0.13737715,0.111680925,0.026896034,0.109381117,0.286285851,0.324548824,0.059750553,0.093771583,0.009754199,0.148991439,0.060019872,0.132165488,0.027246745
Sub24,0.240776319,0.248399203,0.063662131,0.206795692,0.164543451,0.05723425,0.172424183,0.18930625,0.107703943,0.209582158,0.24597202,0.38607699,0.084176846,0.021592689,0.071777818,0.051170567,0.201375982,0.107171751,0.130772658,0.152859076,0.127302707,0.046759882,0.052421131,0.045038998,0.016822025,0.094689375,0.091533363,0.19900842,0.020362397,0.061974048
Sub25,0.140603315,0.081924596,0.0793103,0.139891642,0.115340059,0.21044978,0.089972489,0.123978036,0.012941329,0.345104729,0.140093497,0.515114527,0.112813369,0.061152855,0.034442105,0.202499912,0.24277546,0.032079023,0.239191082,0.276985666,0.127959719,0.174877191,0.076587383,0.231426116,0.000918057,0.174719759,0.161073491,0.153761366,0.395107113,0.047563657
Sub26,0.131142544,0.23322352,0.078128712,0.050446068,0.112823869,0.082294371,0.099597036,0.165285556,0.131078602,0.110984915,0.149436574,0.394324119,0.021141474,0.239443482,0.080347546,0.066509366,0.237955986,0.139162769,0.03294375,0.095043387,0.173115531,0.239566221,0.109567189,0.121564765,0.037984349,0.20832866,0.178340608,0.104296368,0.332193633,0.007370869
Sub27,0.034738958,0.331074109,0.007630036,0.232252026,0.282528507,0.083996513,0.156111862,0.286211558,0.125212178,0.241739215,0.292937754,0.563641408,0.012665183,0.034507529,0.00390357,0.171760571,0.268787849,0.096819914,0.005010326,0.027156621,0.166423931,0.054163273,0.049503328,0.010839335,0.03672408,0.157660489,0.189365238,0.079687802,0.206198123,0.083153625
Sub28,0.257210145,0.221602258,0.158842443,0.005711236,0.11474933,0.259785473,0.09338767,0.179836813,0.156400904,0.07544919,0.192177532,0.289246974,0.076726351,0.017197917,0.056714599,0.048708979,0.160634238,0.042752238,0.206942616,0.154767669,0.024113628,0.118882912,0.104326067,0.119814279,0.092795801,0.038096511,0.144957753,0.006539437,0.393888173,0.064692761
Sub29,0.268656539,0.008503109,0.124077728,0.062627698,0.160230204,0.095980933,0.148909941,0.19210608,0.127609398,0.000945827,0.119119241,0.039422978,0.039222101,0.026213857,0.020766629,0.042877475,0.05200888,0.184339986,0.086613122,0.079474341,0.158020804,0.071904171,0.050637862,0.190175427,0.022637631,0.379561155,0.411867242,0.043508842,0.000474999,0.117808417
Sub30,0.294497847,0.166751139,0.103460151,0.144701602,0.080357321,0.313622839,0.101549414,0.10166814,0.139800377,0.18220806,0.196651813,0.405929109,0.189628148,0.075635719,0.011021085,0.009209572,0.248006095,0.059293113,0.128769867,0.088898699,0.103453254,0.245679613,0.121987344,0.018646601,0.031254513,0.003599275,0.112642709,0.101205276,0.363796279,0.050194409
Sub31,0.170244133,0.348348003,0.205526716,0.241370125,0.237145773,0.077316959,0.175039851,0.000808076,0.201393299,0.217297453,0.362854555,0.340143846,0.056376939,0.070887197,0.17918384,0.021040063,0.324732804,0.042345581,0.014547591,0.00529535,0.10996045,0.070813991,0.1186815,0.237904513,0.061009778,0.151120243,0.167596735,0.035157451,0.239094318,0.042647541
Sub32,0.100652288,0.157055698,0.027556255,0.142048758,0.003690488,0.326795932,0.099271952,0.063085243,0.047221732,0.139446785,0.131994039,0.14107728,0.012382807,0.249670106,0.176852669,0.044656922,0.089093136,0.137993885,0.10758223,0.204520281,0.067530399,0.04699913,0.037068021,0.07836576,0.052345267,0.027556255,0.080051501,0.107231926,0.048198055,0.039343361
Sub33,0.107579385,0.165256247,0.029395162,0.158132833,0.010674754,0.315579123,0.091476049,0.056827757,0.05879181,0.132864533,0.140308085,0.165515782,0.00131023,0.243738098,0.173805993,0.04827416,0.095703715,0.127902679,0.117905961,0.187688585,0.082587418,0.054047607,0.049442333,0.070395495,0.030392706,0.029395162,0.070144897,0.10967028,0.044952147,0.041968855
Sub37,0.182767104,0.199684454,0.061054335,0.108641667,0.090026653,0.051471285,0.127872116,0.169554277,0.235463158,0.030727317,0.165700844,0.030774692,0.042759171,0.037182693,0.216957436,0.02223748,0.135617389,0.062571146,0.144992751,0.142248863,0.126325244,0.210409743,0.081125255,0.059056741,0.094957651,0.02178298,0.095734451,0.173939626,0.074744346,0.011099169
Sub47,0.076225945,0.205911493,0.111652339,0.185069212,0.090340018,0.2053565,0.157928255,0.239477011,0.097439939,0.347138751,0.235901263,0.610747985,0.073231223,0.051264501,0.038074176,0.089861556,0.248257176,0.004027726,0.106211639,0.251787161,0.183674975,0.155633268,0.133001,0.155378982,0.018585161,0.20680263,0.129800291,0.072915617,0.247041676,0.006282822
Sub51,0.137931236,0.16167671,0.056952934,0.088673511,0.146089928,0.104169485,0.148942865,0.084330154,0.205142099,0.11017131,0.076576984,0.422487763,0.053949172,0.019341223,0.222678803,0.112793391,0.179497202,0.050282852,0.082678613,0.089139679,0.15139166,0.006810406,0.024648115,0.073125117,0.022041933,0.036805573,0.079688703,0.029693237,0.059987929,0.081314382
Sub59,0.032854875,0.168845281,0.119513649,0.057867249,0.058662811,0.013139743,0.062507001,0.001385203,0.053603046,0.231233647,0.167420089,0.426569162,0.06270012,0.281299831,0.017263812,0.081411609,0.293375626,0.225244208,0.067975309,0.038589198,0.133455417,0.05890391,0.01437975,0.094999444,0.055480056,0.378205801,0.009213119,0.061994097,0.102710206,0.08678305
Sub65,0.183308965,0.399443621,0.117817878,0.41846744,0.398741839,0.042776371,0.194286932,0.06590876,0.087171534,0.205979885,0.432280846,0.398382915,0.148464573,0.029193699,0.040064474,0.09507393,0.283242321,0.105388652,0.055546315,0.064675543,0.136420493,0.331247735,0.111323365,0.036169397,0.132766028,0.046566408,0.160930314,0.175944785,0.102996889,0.209293195
Sub71,0.328799649,0.080082129,0.067229613,0.218948524,0.062240127,0.180082806,0.126576466,0.253118645,0.195806049,0.037901177,0.027745311,0.09028737,0.211183947,0.13073871,0.045439875,0.051977917,0.07269993,0.056430337,0.137933337,0.025972926,0.308696392,0.232873017,0.090750918,0.069296189,0.044942773,0.149788615,0.241094431,0.081893015,0.201287725,0.10472288
Sub75,0.264360916,0.059832185,0.117954292,0.114793835,0.002739684,0.135743019,0.03600201,0.258866852,0.0789755,0.075864114,0.183131367,0.161415288,0.097526844,0.006602896,0.062085517,0.33861714,0.153447922,0.222455076,0.223622562,0.148600027,0.03664906,0.027394555,0.044468054,0.192183932,0.12774034,0.058339134,0.057316409,0.213844229,0.66652957,0.053139019
Sub76,0.089742795,0.115492328,0.114717574,0.116539734,0.192259615,0.179656603,0.073257379,0.092701814,0.115336534,0.001113354,0.202513207,0.000699349,0.087974819,0.352488027,0.1302545,0.024013642,0.24430976,0.18978456,0.158414248,0.059021762,0.074342497,0.152053963,0.052098035,0.117498287,0.010670771,0.071647805,0.023921714,0.246872262,0.126155381,0.010328307
Sub83,0.115887012,0.156649141,0.031665151,0.208611847,0.159047281,0.106535239,0.149355883,0.109898854,0.104250063,0.087986959,0.169848721,0.200473198,0.137906139,0.211220674,0.069403761,0.189282396,0.103094264,0.145512773,0.034845952,0.000681871,0.027259483,0.183895957,0.109898854,0.103094264,0.042935238,0.031665151,0.03779157,0.156319741,0.07363876,0.073506826
Sub85,0.416173801,0.076266425,0.145615218,0.150063776,0.021578583,0.215951037,0.06335881,0.272190921,0.045058497,0.073751342,0.083669599,0.107766104,0.272141452,0.079538989,0.170936471,0.187046407,0.048179439,0.174343806,0.206711431,0.054430058,0.02092371,0.145040006,0.098524948,0.16016771,0.19617454,0.158740667,0.014414914,0.205365626,0.327162655,0.059402426
Sub86,0.287114307,0.11210681,0.088921368,0.182770204,0.026375887,0.276597766,0.290509509,0.053803853,0.124594468,0.13798561,0.264781544,0.417531117,0.153406199,0.177137626,0.047204267,0.114841703,0.222767154,0.028337684,0.063385155,0.139827684,0.163730501,0.133285119,0.428641612,0.201450468,0.090363571,0.094972083,0.126051759,0.112845447,0.051455441,0.141964828
Sub95,0.27510174,0.201218502,0.129771667,0.281083418,0.175862607,0.054429425,0.179225588,0.230170867,0.235369845,0.062038771,0.154371635,0.075837112,0.010270356,0.015740533,0.00365954,0.015678279,0.21792001,0.363966848,0.16028973,0.242133355,0.197891255,0.039794073,0.178747252,0.061949026,0.294236312,0.07538741,0.029015025,0.283767932,0.099283596,0.301708931
Sub121,0.268974864,0.26670463,0.097597994,0.266153496,0.121323054,0.180579217,0.177204447,0.204775853,0.040041118,0.278610048,0.398321859,0.380085731,0.155185113,0.020763169,0.100581775,0.107057842,0.280589941,0.018307382,0.01681732,0.104182421,0.041460545,0.332204559,0.120944856,0.113076307,0.051055341,0.007480636,0.02532787,0.140709995,0.011476477,0.199338877
Sub122,0.022371309,0.134004727,0.556128092,0.02164828,0.12882104,0.06616951,0.042671042,0.090134654,0.120027746,0.074905297,0.17610893,0.001903503,0.018598668,0.199725122,0.15024519,0.188333557,0.062475805,0.140760486,0.059390396,0.23753833,0.121334987,0.003169994,0.033456709,0.017698163,0.045097836,0.002557862,0.103445796,0.26276476,0.13267134,0.021190878
Sub124,0.190889863,0.02621302,0.302615528,0.14365439,0.046064424,0.035969427,0.004993834,0.210607042,0.094141707,0.001066745,0.136820285,0.12327791,0.033301007,0.290609006,0.049936653,0.063541688,0.045422727,0.217690749,0.213497792,0.169581519,0.092573149,0.039783182,0.006248352,0.041003292,0.101359368,0.077543779,0.161434478,0.326728351,0.305223,0.046469
Sub126,0.071670279,0.253792571,0.065778853,0.02033115,0.025732639,0.113604261,0.016934929,0.198397203,0.005202102,0.049977335,0.19579187,0.423599659,0.057046385,0.157680341,0.07945757,0.03929338,0.193538717,0.158670003,0.05978335,0.064136778,0.031248234,0.155158386,0.259547061,0.13083674,0.135373636,0.015787786,0.116636499,0.039452096,0.161155899,0.052616492
Sub127,0.173407945,0.169163562,0.058920928,0.162533431,0.037295956,0.120443045,0.210684067,0.096722542,0.295624747,0.058965262,0.118416072,0.056126667,0.224200721,0.05964751,0.000529665,0.118656417,0.058260473,0.131763408,0.098214548,0.15121608,0.056299146,0.216985957,0.010594234,0.050344288,0.174763936,0.058920928,0.140935525,0.03381816,0.086272536,0.050441123
Sub130,0.227855761,0.097722421,0.130917005,0.000923892,0.174479878,0.089279723,0.148025213,0.218783473,0.082667276,0.037687499,0.145339946,0.045103236,0.017320538,0.113777918,0.044304978,0.015790195,0.087391272,0.222399136,0.078429413,0.147521889,0.026682258,0.109671056,0.001433576,0.115394021,0.101638892,0.104845992,0.439139171,0.038886878,0.121091243,0.088223902
Sub136,0.262642177,0.017641049,0.102750231,0.064928614,0.234173415,0.078018581,0.011892574,0.029742845,0.050283908,0.344045164,0.108406907,0.467074334,0.253370101,0.126005416,0.007469871,0.179065089,0.096675064,0.157505291,0.048629759,0.255096794,0.149014158,0.310933017,0.042518201,0.224135966,0.008484441,0.018166241,0.067821561,0.126179935,0.016495542,0.125761619
Sub137,0.220876704,0.281518632,0.101772833,0.280545925,0.117354519,0.202556448,0.225961746,0.111780024,0.251137052,0.02688336,0.038077043,0.152816519,0.000829035,0.073404744,0.069250584,0.064805862,0.130431662,0.365521259,0.111699041,0.075231591,0.400234177,0.12314329,0.056747807,0.070873718,0.039664258,0.244102279,0.520664847,0.07448877,0.131740649,0.104491017
Sub138,0.345903195,0.052090003,0.073980469,0.043764896,0.008802467,0.1763281,0.061456113,0.128564953,0.080759785,0.110335741,0.062691947,0.305314078,0.216795813,0.092159166,0.1948017,0.012662878,0.021161999,0.001972248,0.154630324,0.01477675,0.035989013,0.003803492,0.163153458,0.065718704,0.195974747,0.016494308,0.002487652,0.034042793,0.126858748,0.234799359
Sub145,0.116317361,0.157377597,0.031782741,0.209000978,0.160002164,0.108300778,0.148241601,0.110306966,0.104015205,0.087321453,0.170479458,0.201528266,0.138580025,0.210622927,0.070344633,0.188937957,0.103477107,0.144547111,0.034015902,0.001375261,0.027576726,0.184578859,0.110306966,0.103477107,0.04110908,0.031782741,0.038136157,0.155921648,0.073912219,0.077698138
Sub146,0.115887011,0.156649142,0.031665151,0.208611847,0.159047281,0.10653524,0.149355883,0.109898854,0.104250064,0.087986959,0.169848721,0.200473199,0.137906139,0.211220674,0.06940376,0.189282397,0.103094264,0.145512772,0.034845952,0.00068187,0.027259484,0.183895957,0.109898854,0.103094264,0.042935237,0.031665151,0.037791572,0.156319741,0.07363876,0.073506826
Sub147,0.124707675,0.161348147,0.034610734,0.206448139,0.169664357,0.106536732,0.159446377,0.120121961,0.110322956,0.08904034,0.168041196,0.213229656,0.133623704,0.205212159,0.070190696,0.197122014,0.100788979,0.140170819,0.024140225,0.005711265,0.035335634,0.184204247,0.101770809,0.105153813,0.042134783,0.034610734,0.029995824,0.156425055,0.052590822,0.082148476
Sub152,0.171453282,0.158714221,0.049417172,0.045911241,0.04350878,0.336678032,0.042989098,0.138893261,0.083236927,0.078286008,0.037692237,0.254581423,0.000348237,0.168112708,0.187572854,0.145719699,0.152959117,0.191336198,0.123654541,0.067407316,0.135715792,0.124166943,0.008982838,0.019699535,0.061960476,0.057686979,0.120326417,0.176039196,0.040074434,0.047667182
Sub153,0.225682902,0.343016579,0.069722734,0.290127825,0.25306207,0.151193764,0.222024006,0.213631511,0.156627296,0.207788133,0.22933603,0.429589192,0.034706327,0.118583187,0.044037675,0.121794873,0.215683774,0.06153629,0.068736728,0.181736511,0.180897513,0.08613726,0.247084332,0.119712581,0.135871058,0.335524552,0.104480093,0.092783936,0.411598893,0.008444249
Sub154,0.172308383,0.231487354,0.089436798,0.148779374,0.066569393,0.059597531,0.115846316,0.311262388,0.121209669,0.007725111,0.136109623,0.212281401,0.050324863,0.156027968,0.122247426,0.056834458,0.34922677,0.17434041,0.05601341,0.062574601,0.102513123,0.156743496,0.02551438,0.087167489,0.030489118,0.088267081,0.489060661,0.004010864,0.022032845,0.074435208
Sub156,0.098116948,0.26862674,0.039434849,0.169713675,0.080972012,0.036456337,0.202474605,0.028407027,0.083095971,0.091659644,0.175923902,0.163975188,0.073797264,0.244350728,0.005724249,0.017609462,0.390692284,0.170913829,0.011298335,0.071614753,0.01391357,0.158705855,0.055660941,0.056074116,0.002592938,0.027739461,0.506613442,0.215421998,0.091707547,0.049827687
Sub157,0.015954023,0.496238075,0.098977898,0.394154602,0.289918289,0.256213464,0.305576967,0.059335145,0.030541614,0.130316578,0.296990436,0.296114034,0.056344575,0.189943693,0.041567595,0.118146972,0.531166918,0.29080211,0.032088711,0.049289866,0.048842453,0.254906354,0.04361028,0.126148299,0.079261221,0.05094548,0.505776943,0.080512079,0.05117872,0.06129184
Sub158,0.103838773,0.21133426,0.01668619,0.120017359,0.023328878,0.050230126,0.120132324,0.205849098,0.052787569,0.075085801,0.09435391,0.336392405,0.014116019,0.30198992,0.037659654,0.213143666,0.395603207,0.284210153,0.045933575,0.066579182,0.120081774,0.362133978,0.038736297,0.200844685,0.016832259,0.072776152,0.355499612,0.049554539,0.076260072,0.05328429
Sub159,0.13985346,0.156090615,0.084337687,0.080964842,0.042167279,0.027833202,0.047468661,0.179292251,0.056190944,0.064370461,0.046584441,0.282423471,0.070013418,0.183607055,0.060555831,0.335032689,0.280363406,0.331769723,0.064471014,0.003576642,0.147889807,0.292889021,0.089109139,0.123438715,0.070376106,0.071684551,0.338126791,0.107048248,0.08475792,0.057672521
Sub160,0.131604855,0.225496457,0.03595992,0.119131001,0.04823877,0.346674434,0.138195411,0.12480452,0.032075925,0.080206736,0.032391172,0.22600837,0.024821872,0.125130092,0.02404041,0.003412142,0.117077017,0.004578735,0.043313282,0.115702429,0.101031486,0.024821872,0.168436174,0.117077017,0.163074482,0.03595992,0.071272101,0.1399338,0.137525365,0.162068659
Sub161,0.235503767,0.030343373,0.146559513,0.247392092,0.130843416,0.389065176,0.08475895,0.217652157,0.032105659,0.101721342,0.225567235,0.326024142,0.164188463,0.022721858,0.080413469,0.064622074,0.134819615,0.091469756,0.045425659,0.158681404,0.140671401,0.080863724,0.177073203,0.218282676,0.003727762,0.076665492,0.028181697,0.167333205,0.144759467,0.023243553
Sub162,0.046657741,0.148919039,0.084431933,0.145964184,0.20055762,0.055740663,0.191111744,0.158495026,0.071260792,0.012350426,0.075607004,0.177295881,0.033857343,0.129802313,0.140216643,0.00695962,0.186115126,0.104577732,0.11515832,0.138495755,0.131518392,0.017535423,0.022201328,0.402194229,0.07330235,0.002218207,0.078614549,0.069358653,0.452624841,0.058052129
Sub164,0.056069048,0.084606186,0.132860735,0.078468396,0.024007828,0.019561643,0.012160725,0.273475788,0.106913303,0.043730656,0.147378055,0.157219481,0.015075362,0.086779902,0.156719197,0.020382325,0.082667083,0.055272647,0.100693735,0.086464201,0.101800327,0.024000394,0.254380387,0.060622351,0.045513225,0.064224906,0.168356843,0.051285232,0.020943727,0.004169821
Sub168,0.100615516,0.175559291,0.086632337,0.168960691,0.093128351,0.099367842,0.150342941,0.160105138,0.023157988,0.216874892,0.247854009,0.408769487,0.031005672,0.039545704,0.036487482,0.047656053,0.199155749,0.086321582,0.0541025,0.111100619,0.106114144,0.122167364,0.011806101,0.031659706,0.138075646,0.236493295,0.06046416,0.132145138,0.074456541,0.075029689
Sub169,0.117692571,0.201658653,0.032158505,0.181691674,0.261196385,0.158366666,0.157393863,0.111611116,0.007997297,0.011832858,0.172495023,0.148211006,0.041490367,0.032907094,0.11923037,0.343559108,0.104700508,0.077487386,0.101219508,0.165723721,0.090351191,0.041490367,0.343559108,0.104700508,0.049071963,0.032158505,0.097633727,0.125141042,0.29087455,0.257537392
Sub170,0.262320582,0.210426893,0.052984342,0.153393057,0.151097558,0.019892952,0.121747715,0.152937604,0.116308846,0.240409087,0.159913386,0.341175669,0.071110193,0.183899486,0.046884155,0.013422598,0.14642006,0.14014761,0.072897964,0.181853883,0.10833417,0.131719514,0.034344002,0.074340061,0.017751675,0.152749661,0.013301639,0.194756425,0.180567219,0.047360502
Sub171,0.201718572,0.400137965,0.117623259,0.46038396,0.367238021,0.046131047,0.269495601,0.00706616,0.255637401,0.033963868,0.41947824,0.294025061,0.139295713,0.096870584,0.176318514,0.057329085,0.292835557,0.11524597,0.032066049,0.041253128,0.0639664,0.271056224,0.156624829,0.166935849,0.024597273,0.012418845,0.131816119,0.077313971,0.075828175,0.047356
Sub172,0.095660044,0.398114552,0.165029566,0.391059117,0.262040071,0.002878273,0.177764236,0.193272245,0.148558806,0.218241063,0.494479168,0.472587886,0.098506003,0.014962271,0.036418419,0.105068455,0.381452764,0.070353513,0.091516587,0.091732936,0.135490552,0.305934459,0.156464843,0.133078826,0.065215212,0.033412937,0.112096851,0.067570747,0.008092983,0.087807319
Sub173,0.119567013,0.279310432,0.142257185,0.163288154,0.218285545,0.004594313,0.12368111,0.126109233,0.034662821,0.197611944,0.284725706,0.307478912,0.092874596,0.077880189,0.200615884,0.217407146,0.241749632,0.201178232,0.172911998,0.084130796,0.111094445,0.070573106,0.010932288,0.065570595,0.0180866,0.041737296,0.17361909,0.049042311,0.004632585,0.006758842
Sub176,0.381538073,0.34129053,0.18772256,0.30763306,0.2963747,0.062736425,0.164581392,0.174165322,0.290713385,0.108927294,0.201416407,0.142758778,0.075486186,0.13721926,0.034959333,0.066278446,0.196637534,0.275197262,0.273029396,0.086920388,0.225346122,0.00490827,0.079405685,0.146835218,0.368986741,0.027815477,0.028650038,0.235992577,0.020741127,0.393279454
Sub178,0.158344968,0.173207247,0.049012683,0.142539664,0.073185229,0.016351951,0.134825422,0.109410057,0.287076077,0.000602768,0.141040355,0.089623594,0.09457421,0.006392379,0.197357801,0.03361062,0.09897794,0.071695922,0.114761103,0.165268144,0.127304937,0.195860918,0.065199637,0.078223902,0.09031206,0.049012683,0.07651634,0.1460846,0.001980852,0.006574316
Sub179,0.167392665,0.215046856,0.048383933,0.132665886,0.102275713,0.050784776,0.150602292,0.151445064,0.241663733,0.021277203,0.160834139,0.03536536,0.066848833,0.021722404,0.222162473,0.027063603,0.119875118,0.077755819,0.137268086,0.169470314,0.110843149,0.216765488,0.09531399,0.087432406,0.083577885,0.030952744,0.113185726,0.173436451,0.039198307,0.018264872
Sub180,0.21333618,0.229480028,0.065380625,0.145631722,0.100465544,0.025558709,0.155599006,0.163008637,0.304947826,0.009567479,0.183738467,0.074199043,0.071384057,0.027714884,0.130956248,0.035295243,0.106093801,0.110274237,0.152006581,0.124059184,0.165017864,0.207063942,0.06703573,0.017902352,0.052810363,0.041916119,0.072661515,0.180483621,0.002550699,0.006115828
Sub182,0.345905545,0.140075621,0.11048798,0.032563439,0.056180544,0.004438753,0.07766281,0.180927178,0.074833382,0.078738883,0.190753464,0.026852161,0.132513736,0.086238666,0.343472072,0.228471026,0.085788185,0.171148016,0.085762274,0.024348773,0.005801104,0.074130357,0.068173231,0.162045798,0.270187311,0.040883617,0.016330566,0.082487073,0.102196366,0.037698646
Sub183,0.329748751,0.159068629,0.137616653,0.245667206,0.135688042,0.246649411,0.054713008,0.329127336,0.075636679,0.058381699,0.107857231,0.006483908,0.199718533,0.023134611,0.095636637,0.035628571,0.022481213,0.181593897,0.115649088,0.076193543,0.444583633,0.217039998,0.027408396,0.035818415,0.011544547,0.002486341,0.070718444,0.000695764,0.447866294,0.05991141
Sub184,0.184861556,0.158194739,0.091800839,0.304723773,0.150754769,0.347296757,0.090284964,0.152629799,0.202836494,0.140083182,0.126879381,0.045673883,0.232001196,0.119113075,0.153413801,0.017120141,0.062244761,0.147486764,0.203809551,0.041479108,0.293954091,0.16436025,0.040495359,0.019611451,0.03204272,0.023807576,0.02719024,0.124969192,0.501825326,0.048774222
Sub185,0.179286397,0.043169179,0.0489885,0.064992795,0.017636394,0.066109018,0.007417887,0.170022243,0.045875273,0.113703201,0.125240706,0.161440731,0.047334065,0.273531671,0.249079418,0.045447035,0.159495001,0.06593184,0.089595333,0.095583975,0.055519111,0.284501628,0.103563228,0.159495001,0.051299497,0.0489885,0.218779525,0.066570238,0.053020575,0.346034576
Sub193,0.243992659,0.06329028,0.118322183,0.197582849,0.024446948,0.263004238,0.205766977,0.265298135,0.197304571,0.018985272,0.021781365,0.020368085,0.095084781,0.017865359,0.106456102,0.090970012,0.06764739,0.231553844,0.030209857,0.004432803,0.245029398,0.051322066,0.056837517,0.157953082,0.095157725,0.255234523,0.390523968,0.057470117,0.183030554,0.094627834
Sub195,0.322109355,0.159694612,0.039201346,0.110777751,0.081113767,0.012327228,0.171757453,0.130029733,0.124368223,0.181087489,0.144648044,0.271080366,0.091233092,0.119186951,0.112979846,0.024333456,0.123415403,0.126980992,0.098541412,0.163289493,0.086811044,0.136473349,0.052951013,0.058023781,0.04508827,0.100977466,0.059970115,0.231498498,0.017965265,0.051472146
Sub198,0.012891607,0.296368325,0.045495986,0.202587286,0.115847189,0.110295467,0.271032427,0.057577579,0.0813102,0.122185715,0.204076538,0.203167253,0.007490682,0.267007429,0.065655581,0.01469578,0.510148741,0.226903638,0.026192025,0.000388119,0.05268757,0.13021972,0.022926214,0.092479946,0.014172511,0.026867766,0.600110668,0.112288321,0.055024333,0.041571549
Sub199,0.043688743,0.135994325,0.067794849,0.084439781,0.069435507,0.015415748,0.113479526,0.105876942,0.234679866,0.059658717,0.023909854,0.171402679,0.075919429,0.049298281,0.120877733,0.049419383,0.254425988,0.324852084,0.008613961,0.059990926,0.081316255,0.125896872,0.062401764,0.155745021,0.006512151,0.293138712,0.478816647,0.073931749,0.087581646,0.067640336
Sub200,0.090442591,0.205046027,0.063278615,0.194842413,0.264981317,0.157084581,0.274832911,0.330941451,0.387327342,0.068605247,0.174367596,0.034009487,0.146453469,0.017580798,0.168148401,0.100675642,0.122823051,0.195355866,0.095075845,0.082281303,0.105876018,0.035797619,0.049357767,0.097385929,0.016383659,0.127284425,0.016316954,0.041071645,0.030140151,0.009713382
Sub201,0.043587444,0.010235474,0.095037677,0.122875249,0.080635893,0.114081645,0.037675388,0.079880316,0.089531222,0.086662374,0.124211849,0.052747367,0.035647859,0.280080801,0.161983162,0.114403693,0.072236274,0.198483221,0.217694281,0.192617134,0.044368375,0.090796267,0.076678897,0.026059927,0.199688631,0.009304728,0.217436349,0.310821844,0.203760087,0.089458111
Sub203,0.197111185,0.179324937,0.066896903,0.082921901,0.099090809,0.217592481,0.007899301,0.191454109,0.039401772,0.075099815,0.03035418,0.129783143,0.016348451,0.146984753,0.022682538,0.284044644,0.090973151,0.171803055,0.309275462,0.147461514,0.09897163,0.143547552,0.081001835,0.118467255,0.146047601,0.019713279,0.148333337,0.19412471,0.333623682,0.031125707
Sub204,0.185159402,0.211352865,0.054808291,0.026614677,0.146245919,0.131363835,0.019832451,0.155765233,0.00459621,0.079577401,0.064761956,0.134935171,0.004225268,0.16754505,0.049157435,0.32898484,0.095359859,0.197757508,0.306375559,0.152882362,0.020503859,0.181808828,0.062172246,0.136116102,0.122933049,0.015590085,0.119231316,0.197328671,0.263068384,0.050073374
Sub205,0.20041471,0.210709853,0.072489137,0.074623303,0.130056259,0.298434792,0.010707196,0.161596201,0.040861917,0.038623414,0.044823057,0.222200451,0.099838238,0.094670611,0.099306088,0.233985139,0.147433916,0.189115375,0.343981239,0.143611939,0.056219728,0.150631496,0.101512115,0.070853677,0.12108835,0.012326896,0.152575066,0.213366205,0.34022473,0.049251012
Sub206,0.221924604,0.157001078,0.06819212,0.143923912,0.109252402,0.245062258,0.10750094,0.19584847,0.073614116,0.008694315,0.021028382,0.207154355,0.058377255,0.106420715,0.056324772,0.26734077,0.126247172,0.115515759,0.307597777,0.134362568,0.103077765,0.136409976,0.053203644,0.04136115,0.158564202,0.007625488,0.144233585,0.246683177,0.461951583,0.041979982
Sub207,0.133562142,0.248504715,0.14446785,0.082549622,0.175631734,0.041980626,0.215518742,0.078075201,0.192086988,0.015011882,0.12693742,0.22893506,0.201590036,0.297240493,0.195845736,0.161127742,0.136637317,0.198185594,0.048160041,0.081726384,0.00667469,0.007570574,0.06374917,0.183562349,0.001833392,0.143198075,0.129959982,0.155892909,0.310761668,0.031794052
Sub208,0.036480708,0.20054695,0.075091407,0.080672968,0.223504489,0.01118485,0.059818729,0.108861464,0.200901449,0.037728607,0.199341903,0.096801905,0.233304552,0.193721886,0.034941098,0.252910969,0.013432359,0.069673096,0.078027247,0.027446273,0.016961995,0.017946064,0.098998161,0.098107686,0.18654955,0.046860168,0.099404802,0.065475769,0.097120284,0.075437909
Sub209,0.158133254,0.110130947,0.201045994,0.086399174,0.050315374,0.014649593,0.151137879,0.042079116,0.193829701,0.072934095,0.018237877,0.039317034,0.182343987,0.069943237,0.116259001,0.156056118,0.103276195,0.183096536,0.090372558,0.029483939,0.032373434,0.171565693,0.016251646,0.209191416,0.124814885,0.011655285,0.023637949,0.187283487,0.053887376,0.067626431
Sub210,0.116335102,0.385816026,0.133900036,0.352338813,0.3862229,0.032159617,0.225412458,0.145266326,0.065899621,0.309709542,0.397155745,0.435852814,0.071222819,0.051954039,0.077643868,0.203322884,0.295961252,0.040846787,0.045490859,0.234689277,0.302288847,0.093207803,0.151956475,0.019503045,0.046643364,0.229022944,0.006501961,0.055057937,0.129310313,0.000594047
Sub212,0.04771106,0.027287125,0.005742808,0.003307916,0.045786007,0.027172192,0.028870404,0.097655978,0.141108941,0.034971768,0.135324618,0.129931742,0.123629301,0.391491068,0.090334937,0.192653487,0.152301215,0.201601426,0.169516999,0.071867536,0.102122742,0.343400855,0.261140621,0.190833624,0.104302482,0.030335679,0.085933754,0.15758259,0.118980269,0.000735564
Sub213,0.083219102,0.187585095,0.119148902,0.122795701,0.225866672,0.059011455,0.143498432,0.043647523,0.096221602,0.050905352,0.202777877,0.084606135,0.204780551,0.367782304,0.023230772,0.02295759,0.092915062,0.210703877,0.134187652,0.001464157,0.202098215,0.301550071,0.285399594,0.120120308,0.240118025,0.01800648,0.019023011,0.290483367,0.097811788,0.030441674
Sub214,0.196660182,0.225570779,0.106982306,0.237614906,0.194404305,0.139228086,0.185978819,0.037444966,0.235806108,0.075018831,0.035559742,0.128686678,0.048529076,0.215940188,0.108638544,0.153744858,0.201700084,0.050747833,0.188607911,0.057891175,0.138758673,0.141837395,0.01324287,0.009106135,0.104205725,0.064227306,0.100880873,0.017140883,0.037049694,0.073472293
Sub215,0.188879099,0.079612069,0.108045313,0.043029234,0.122886194,0.101230651,0.024487052,0.057890074,0.121216044,0.046938303,0.192535066,0.033197156,0.183618293,0.300469638,0.061199273,0.045226911,0.038053057,0.175169596,0.023378855,0.053151861,0.279782673,0.148539334,0.311982258,0.067211275,0.220883722,0.062765014,0.07600108,0.198389886,0.025137209,0.01549468
Sub216,0.19266836,0.285383701,0.054264727,0.05499248,0.001737803,0.002165935,0.059071348,0.124572731,0.060686052,0.004793765,0.216662323,0.372225844,0.038524599,0.142391088,0.134808058,0.044383564,0.171671273,0.199363645,0.100761676,0.017523669,0.118332057,0.250119202,0.288063143,0.054034909,0.061607022,0.009333252,0.093184166,0.050781016,0.029707492,0.003936857
Sub218,0.372487056,0.120865267,0.165596784,0.137112405,0.097037739,0.197997744,0.136454203,0.164170971,0.044741135,0.162238655,0.059256777,0.223526903,0.184508658,0.057976218,0.130260793,0.262986721,0.141399908,0.120993641,0.195832926,0.021436834,0.004391983,0.111017481,0.106931414,0.081066209,0.081045582,0.031177523,0.12105234,0.120601016,0.377849823,0.072437948
Sub219,0.284388557,0.179391431,0.174439304,0.121858869,0.002400727,0.038074628,0.093444865,0.216921876,0.101731931,0.169945577,0.088837803,0.236722631,0.211931728,0.00277883,0.034903635,0.432887123,0.134024361,0.152176535,0.270233481,0.00018343,0.013382622,0.001530614,0.129217872,0.171986497,0.034685651,0.06786479,0.069878174,0.177039369,0.425907463,0.042513458
Sub220,0.215958285,0.111794803,0.091027689,0.216161683,0.018304773,0.278854103,0.206173959,0.066302904,0.009429552,0.125937415,0.130708197,0.277694597,0.090777482,0.029382835,0.318235889,0.082551764,0.165588491,0.123322706,0.102423313,0.029000363,0.084814355,0.201019347,0.110850138,0.090703253,0.206346724,0.091027689,0.074136954,0.231778785,0.383616322,0.095893482
Sub221,0.364130586,0.011715992,0.117273272,0.107876091,0.1068421,0.214127187,0.143663626,0.31078111,0.013535699,0.195012929,0.122748377,0.28956913,0.17365692,0.127489661,0.071752796,0.363776445,0.070345076,0.225423784,0.222905776,0.002639863,0.048145245,0.06724716,0.022967611,0.053110088,0.096262395,0.071091241,0.018081554,0.094999081,0.520478865,0.122193123
Sub222,0.118518663,0.05069032,0.057759039,0.067110719,0.036618283,0.028026908,0.150422605,0.181349261,0.0115891,0.090295741,0.068602188,0.013890252,0.041754835,0.045141977,0.02851071,0.27530211,0.1081482,0.175495553,0.027331612,0.217576567,0.10870821,0.134795437,0.252687301,0.161581317,0.114619816,0.057759039,0.026013688,0.134725061,0.435596389,0.082465295
Sub224,0.281764723,0.278721314,0.076989841,0.315545038,0.325383405,0.117441492,0.234301721,0.021072651,0.053773358,0.361644426,0.282514247,0.355431668,0.082802246,0.08157926,0.117934515,0.056960664,0.156542286,0.128014647,0.170176649,0.118047767,0.216307436,0.238873993,0.009860913,0.089384109,0.468784968,0.138468034,0.040603649,0.003652055,0.043721158,0.53992572
Sub225,0.240277287,0.176886376,0.070247702,0.184777579,0.32240581,0.13884818,0.06434431,0.090253386,0.105949929,0.020635943,0.081307317,0.361242726,0.134442853,0.039540529,0.277725834,0.192100339,0.131257931,0.112456367,0.090643933,0.041018428,0.01879381,0.224797486,0.096023141,0.141642065,0.187914739,0.070247702,0.116410833,0.013370141,0.196623105,0.414350507
Sub226,0.305270707,0.291863255,0.085231243,0.294885202,0.359580709,0.008997246,0.236190973,0.163830323,0.069141322,0.131344957,0.214008326,0.216161513,0.035996746,0.083691397,0.034818051,0.035139096,0.192386143,0.310232279,0.101890198,0.128694213,0.120267965,0.234911018,0.091766956,0.040710718,0.339219744,0.001422543,0.067683523,0.278995218,0.129547519,0.449317303
Sub227,0.0633743,0.115846759,0.051985263,0.162750251,0.166991867,0.217577619,0.309623384,0.050204505,0.082541275,0.121300106,0.071901532,0.13587312,0.012553836,0.041651243,0.139255019,0.033969761,0.101203055,0.12356397,0.148549476,0.017513971,0.14605562,0.045383864,0.081496222,0.074162114,0.231440943,0.051985263,0.07386886,0.079409233,0.097386184,0.519703619
Sub228,0.022751962,0.025864348,0.059598877,0.157998898,0.038317089,0.075441577,0.105579203,0.233135716,0.007821922,0.017590479,0.15477991,0.208610933,0.050247001,0.275062045,0.022540354,0.00400085,0.116371196,0.049333536,0.011098759,0.119149228,0.250539114,0.102900803,0.006388174,0.005006215,0.05621558,0.168628344,0.093519642,0.196088169,0.348697747,0.08391874
Sub229,0.189206368,0.068087215,0.101263281,0.023372636,0.094946956,0.212407152,0.046525941,0.028122627,0.391448153,0.145885681,0.06385297,0.023960705,0.025876108,0.056915039,0.161780034,0.005275597,0.010420141,0.034880767,0.182312229,0.203495553,0.029709673,0.087698521,0.028468527,0.013711793,0.07814161,0.101263281,0.111845753,0.180437493,0.024667949,0.064599362
Sub230,0.018212426,0.03333314,0.101139917,0.153620156,0.090987943,0.078325016,0.164292186,0.024795574,0.174362261,0.112186585,0.014125428,0.027677409,0.114822226,0.013252959,0.056232425,0.080758367,0.127520036,0.054642076,0.073790232,0.278341881,0.186673001,0.166576084,0.088443623,0.05007069,0.103385608,0.050992856,0.015092577,0.271986778,0.059683176,0.05855914
Sub231,0.111930367,0.079895248,0.546807999,0.125601496,0.00908578,0.19422655,0.09823849,0.105780599,0.180795275,0.063310522,0.034759196,0.076501847,0.004952975,0.175149857,0.014830547,0.093790777,0.071956092,0.24835672,0.18435325,0.013576826,0.089467743,0.048748768,0.063793567,0.147152152,0.063165465,0.061075017,0.096785185,0.137296722,0.052375377,0.082174861
Sub232,0.22191856,0.168075099,0.096546157,0.029139561,0.158628976,0.202218252,0.004440052,0.094196035,0.1830614,0.056545049,0.004534887,0.258945923,0.113621246,0.170413298,0.186218641,0.071801146,0.149483827,0.244032375,0.364499231,0.115804699,0.0881061,0.191126106,0.089304898,0.048183933,0.073263222,0.060256136,0.130524711,0.284926808,0.331048688,0.009599323
Sub233,0.120089369,0.025353856,0.070008454,0.015801696,0.139682214,0.03263345,0.165237565,0.219035863,0.323333383,0.10803551,0.070709485,0.054349903,0.119516199,0.09738293,0.071468866,0.05985989,0.136903432,0.297163561,0.15958257,0.187170168,0.141934832,0.014351476,0.047371584,0.077100962,0.037136664,0.070008454,0.022822533,0.181515302,0.024837273,0.004283499
Sub235,0.230215149,0.321286819,0.08520504,0.382275051,0.357024192,0.176951767,0.224662802,0.115890294,0.12763916,0.018946212,0.239631429,0.116202233,0.128230446,0.122350127,0.100208098,0.251837728,0.149457034,0.010471545,0.215431233,0.016043367,0.105266867,0.015021377,0.086949994,0.114194837,0.124350984,0.01732237,0.078578717,0.103332012,0.012331796,0.081350539
Sub236,0.151005716,0.107637381,0.128180998,0.005157493,0.096474254,0.025902746,0.05117845,0.004576171,0.040281018,0.069818409,0.048364207,0.060256903,0.031145011,0.16197495,0.051725695,0.100875694,0.14367302,0.098269262,0.296837405,0.02419689,0.139789779,0.080482722,0.011144299,0.117822823,0.086376372,0.193205152,0.039661096,0.215338044,0.330683288,0.028043861
Sub237,0.120434764,0.176600723,0.041658095,0.266534082,0.242740035,0.229378374,0.211477055,0.255390001,0.046134387,0.0997393,0.160865526,0.109496986,0.099479664,0.201687138,0.088433459,0.362080747,0.093593275,0.113582942,0.083050898,0.089338067,0.011317493,0.216259078,0.012246913,0.077538143,0.003681852,0.001624953,0.076960901,0.063952228,0.063740267,0.025448177
Sub238,0.105924502,0.141709318,0.110987055,0.160463319,0.095565851,0.088757344,0.188939476,0.023894037,0.030375805,0.096794811,0.021790693,0.04086422,0.15020653,0.035625436,0.094114774,0.094265518,0.19922398,0.073241962,0.157108664,0.064192951,0.163617631,0.11007289,0.012374896,0.17355221,0.022159064,0.264477517,0.101484727,0.169215925,0.347662728,0.038916709
Sub239,0.345743192,0.06220252,0.090863823,0.101402814,0.062420161,0.047770437,0.186469989,0.203491504,0.062312827,0.146553801,0.10222987,0.156566233,0.050874698,0.004333512,0.041092583,0.033303882,0.041293527,0.187371594,0.098221202,0.073988866,0.163338511,0.158325726,0.029234534,0.109389884,0.122476112,0.267699675,0.52469754,0.116290895,0.066750358,0.064614364
