res_num_x,res_num_y,res_num
13.DIY,Sub75,0.66652957
13.anime,Sub47,0.610747985
13.dancing,Sub198,0.600110668
13.anime,Sub27,0.563641408
4.age,Sub122,0.556128092
4.age,Sub231,0.546807999
13.automobile,Sub224,0.53992572
13.skincare,Sub157,0.531166918
13.dancing,Sub239,0.52469754
13.dancing,Sub137,0.520664847
13.DIY,Sub221,0.520478865
13.automobile,Sub227,0.519703619
13.anime,Sub25,0.515114527
13.skincare,Sub198,0.510148741
13.dancing,Sub156,0.506613442
13.dancing,Sub157,0.505776943
13.game,Sub17,0.503688663
13.DIY,Sub184,0.501825326
3.gender,Sub157,0.496238075
13.game,Sub172,0.494479168
13.dancing,Sub154,0.489060661
13.collection,Sub1,0.481688284
13.dancing,Sub199,0.478816647
13.anime,Sub172,0.472587886
13.personal finance,Sub224,0.468784968
13.anime,Sub136,0.467074334
13.DIY,Sub206,0.461951583
5.height,Sub171,0.46038396
13.DIY,Sub162,0.452624841
13.automobile,Sub226,0.449317303
13.DIY,Sub183,0.447866294
13.starchaaser,Sub183,0.444583633
13.anime,Sub22,0.443304954
13.dancing,Sub130,0.439139171
13.anime,Sub210,0.435852814
13.DIY,Sub222,0.435596389
13.keep pets,Sub219,0.432887123
13.anime,Sub17,0.432543516
13.game,Sub65,0.432280846
13.anime,Sub153,0.429589192
13.photography,Sub86,0.428641612
13.anime,Sub59,0.426569162
13.DIY,Sub219,0.425907463
13.anime,Sub126,0.423599659
13.anime,Sub51,0.422487763
13.game,Sub171,0.41947824
5.height,Sub65,0.41846744
13.anime,Sub86,0.417531117
2.Frequency,Sub85,0.416173801
13.automobile,Sub225,0.414350507
13.dancing,Sub29,0.411867242
2.Frequency,Sub21,0.41182651
13.DIY,Sub153,0.411598893
3.gender,Sub17,0.411510635
13.anime,Sub168,0.408769487
13.anime,Sub30,0.405929109
13.painting or calligraphy,Sub162,0.402194229
13.starchaaser,Sub137,0.400234177
3.gender,Sub171,0.400137965
3.gender,Sub65,0.399443621
6.weight,Sub65,0.398741839
13.anime,Sub65,0.398382915
13.game,Sub121,0.398321859
3.gender,Sub172,0.398114552
13.game,Sub210,0.397155745
13.skincare,Sub158,0.395603207
13.DIY,Sub25,0.395107113
13.anime,Sub26,0.394324119
5.height,Sub157,0.394154602
13.DIY,Sub28,0.393888173
13.automobile,Sub176,0.393279454
13.online shopping,Sub212,0.391491068
11.CGPA,Sub229,0.391448153
5.height,Sub172,0.391059117
13.skincare,Sub156,0.390692284
13.dancing,Sub193,0.390523968
7.qualification,Sub161,0.389065176
11.CGPA,Sub200,0.387327342
6.weight,Sub210,0.3862229
13.anime,Sub24,0.38607699
3.gender,Sub210,0.385816026
13.DIY,Sub220,0.383616322
5.height,Sub235,0.382275051
2.Frequency,Sub176,0.381538073
13.skincare,Sub172,0.381452764
13.anime,Sub121,0.380085731
13.collection,Sub29,0.379561155
13.collection,Sub59,0.378205801
13.DIY,Sub218,0.377849823
13.TV series,Sub17,0.377766847
2.Frequency,Sub218,0.372487056
13.anime,Sub216,0.372225844
13.personal finance,Sub176,0.368986741
13.online shopping,Sub213,0.367782304
6.weight,Sub171,0.367238021
13.technology,Sub137,0.365521259
13.music,Sub232,0.364499231
2.Frequency,Sub221,0.364130586
13.technology,Sub95,0.363966848
13.DIY,Sub30,0.363796279
13.keep pets,Sub221,0.363776445
13.game,Sub31,0.362854555
13.TV series,Sub158,0.362133978
13.keep pets,Sub237,0.362080747
12.monthly expenditure,Sub224,0.361644426
13.anime,Sub225,0.361242726
6.weight,Sub226,0.359580709
6.weight,Sub235,0.357024192
13.dancing,Sub158,0.355499612
13.anime,Sub224,0.355431668
6.weight,Sub1,0.35338547
13.online shopping,Sub76,0.352488027
5.height,Sub210,0.352338813
13.skincare,Sub154,0.34922677
13.DIY,Sub228,0.348697747
3.gender,Sub31,0.348348003
13.DIY,Sub238,0.347662728
7.qualification,Sub184,0.347296757
12.monthly expenditure,Sub47,0.347138751
7.qualification,Sub160,0.346674434
13.automobile,Sub185,0.346034576
2.Frequency,Sub182,0.345905545
2.Frequency,Sub138,0.345903195
2.Frequency,Sub239,0.345743192
12.monthly expenditure,Sub25,0.345104729
12.monthly expenditure,Sub136,0.344045164
13.music,Sub205,0.343981239
13.keep pets,Sub169,0.343559108
13.keep pets,Sub169,0.343559108
13.travelling,Sub182,0.343472072
13.TV series,Sub212,0.343400855
3.gender,Sub153,0.343016579
3.gender,Sub176,0.34129053
13.anime,Sub170,0.341175669
13.DIY,Sub205,0.34022473
13.anime,Sub31,0.340143846
13.personal finance,Sub226,0.339219744
13.keep pets,Sub75,0.33861714
13.dancing,Sub159,0.338126791
7.qualification,Sub152,0.336678032
13.anime,Sub158,0.336392405
8.living area,Sub20,0.335971084
13.collection,Sub153,0.335524552
13.keep pets,Sub159,0.335032689
13.DIY,Sub203,0.333623682
13.TV series,Sub121,0.332204559
13.DIY,Sub26,0.332193633
13.technology,Sub159,0.331769723
13.TV series,Sub65,0.331247735
3.gender,Sub27,0.331074109
13.DIY,Sub232,0.331048688
9.status,Sub200,0.330941451
13.DIY,Sub236,0.330683288
2.Frequency,Sub20,0.330231234
2.Frequency,Sub183,0.329748751
13.dancing,Sub5,0.329379061
9.status,Sub183,0.329127336
13.keep pets,Sub204,0.32898484
2.Frequency,Sub71,0.328799649
13.DIY,Sub85,0.327162655
7.qualification,Sub32,0.326795932
13.cooking,Sub124,0.326728351
13.anime,Sub161,0.326024142
6.weight,Sub224,0.325383405
13.technology,Sub199,0.324852084
13.skincare,Sub31,0.324732804
13.photography,Sub22,0.324548824
11.CGPA,Sub233,0.323333383
6.weight,Sub225,0.32240581
2.Frequency,Sub195,0.322109355
3.gender,Sub235,0.321286819
13.travelling,Sub220,0.318235889
3.gender,Sub22,0.318014282
7.qualification,Sub33,0.315579123
5.height,Sub224,0.315545038
7.qualification,Sub30,0.313622839
13.photography,Sub215,0.311982258
9.status,Sub154,0.311262388
13.TV series,Sub136,0.310933017
13.cooking,Sub201,0.310821844
9.status,Sub221,0.31078111
13.DIY,Sub207,0.310761668
13.technology,Sub226,0.310232279
12.monthly expenditure,Sub210,0.309709542
8.living area,Sub227,0.309623384
13.music,Sub203,0.309275462
13.starchaaser,Sub71,0.308696392
5.height,Sub176,0.30763306
13.music,Sub206,0.307597777
13.anime,Sub173,0.307478912
13.skincare,Sub17,0.306720543
13.music,Sub204,0.306375559
13.TV series,Sub172,0.305934459
8.living area,Sub157,0.305576967
13.anime,Sub138,0.305314078
2.Frequency,Sub226,0.305270707
13.DIY,Sub124,0.305223
11.CGPA,Sub180,0.304947826
5.height,Sub184,0.304723773
4.age,Sub124,0.302615528
13.starchaaser,Sub210,0.302288847
13.online shopping,Sub158,0.30198992
13.automobile,Sub95,0.301708931
13.TV series,Sub213,0.301550071
13.online shopping,Sub215,0.300469638
7.qualification,Sub205,0.298434792
13.online shopping,Sub207,0.297240493
13.technology,Sub233,0.297163561
13.game,Sub157,0.296990436
13.music,Sub236,0.296837405
6.weight,Sub176,0.2963747
3.gender,Sub198,0.296368325
13.anime,Sub157,0.296114034
13.skincare,Sub210,0.295961252
11.CGPA,Sub127,0.295624747
5.height,Sub226,0.294885202
2.Frequency,Sub30,0.294497847
13.personal finance,Sub95,0.294236312
13.anime,Sub171,0.294025061
13.starchaaser,Sub184,0.293954091
13.skincare,Sub59,0.293375626
13.collection,Sub199,0.293138712
13.game,Sub27,0.292937754
13.TV series,Sub159,0.292889021
13.skincare,Sub171,0.292835557
3.gender,Sub226,0.291863255
13.DIY,Sub169,0.29087455
13.technology,Sub157,0.29080211
11.CGPA,Sub176,0.290713385
5.height,Sub1,0.290658858
13.online shopping,Sub124,0.290609006
8.living area,Sub86,0.290509509
13.cooking,Sub213,0.290483367
5.height,Sub153,0.290127825
6.weight,Sub157,0.289918289
13.anime,Sub221,0.28956913
13.anime,Sub28,0.289246974
13.keep pets,Sub19,0.28812995
13.photography,Sub216,0.288063143
2.Frequency,Sub86,0.287114307
11.CGPA,Sub178,0.287076077
13.TV series,Sub22,0.286285851
9.status,Sub27,0.286211558
13.photography,Sub213,0.285399594
3.gender,Sub216,0.285383701
13.cooking,Sub232,0.284926808
13.game,Sub173,0.284725706
13.TV series,Sub185,0.284501628
2.Frequency,Sub219,0.284388557
13.technology,Sub158,0.284210153
13.keep pets,Sub203,0.284044644
13.cooking,Sub95,0.283767932
13.skincare,Sub65,0.283242321
6.weight,Sub27,0.282528507
13.game,Sub224,0.282514247
13.anime,Sub159,0.282423471
2.Frequency,Sub224,0.281764723
3.gender,Sub137,0.281518632
13.online shopping,Sub59,0.281299831
5.height,Sub95,0.281083418
13.skincare,Sub121,0.280589941
5.height,Sub137,0.280545925
3.gender,Sub20,0.280454304
13.skincare,Sub159,0.280363406
13.online shopping,Sub201,0.280080801
13.starchaaser,Sub215,0.279782673
3.gender,Sub173,0.279310432
13.cooking,Sub226,0.278995218
7.qualification,Sub220,0.278854103
3.gender,Sub224,0.278721314
12.monthly expenditure,Sub121,0.278610048
13.movie,Sub230,0.278341881
13.travelling,Sub225,0.277725834
13.anime,Sub220,0.277694597
13.movie,Sub25,0.276985666
7.qualification,Sub86,0.276597766
13.keep pets,Sub222,0.27530211
13.technology,Sub176,0.275197262
13.game,Sub22,0.275166176
2.Frequency,Sub95,0.27510174
13.online shopping,Sub228,0.275062045
8.living area,Sub200,0.274832911
13.online shopping,Sub185,0.273531671
9.status,Sub164,0.273475788
6.weight,Sub19,0.273181608
13.music,Sub176,0.273029396
9.status,Sub85,0.272190921
13.sports,Sub85,0.272141452
13.cooking,Sub230,0.271986778
13.anime,Sub195,0.271080366
13.TV series,Sub171,0.271056224
8.living area,Sub198,0.271032427
7.qualification,Sub21,0.270781355
13.music,Sub219,0.270233481
13.personal finance,Sub182,0.270187311
8.living area,Sub171,0.269495601
2.Frequency,Sub121,0.268974864
13.skincare,Sub27,0.268787849
2.Frequency,Sub29,0.268656539
3.gender,Sub156,0.26862674
13.collection,Sub239,0.267699675
13.keep pets,Sub206,0.26734077
13.online shopping,Sub198,0.267007429
3.gender,Sub121,0.26670463
5.height,Sub237,0.266534082
5.height,Sub121,0.266153496
9.status,Sub193,0.265298135
6.weight,Sub200,0.264981317
13.game,Sub86,0.264781544
13.collection,Sub238,0.264477517
2.Frequency,Sub75,0.264360916
5.height,Sub17,0.263468522
13.DIY,Sub204,0.263068384
7.qualification,Sub193,0.263004238
13.keep pets,Sub218,0.262986721
13.cooking,Sub122,0.26276476
2.Frequency,Sub136,0.262642177
2.Frequency,Sub170,0.262320582
6.weight,Sub172,0.262040071
6.weight,Sub169,0.261196385
13.photography,Sub212,0.261140621
13.music,Sub21,0.260998946
7.qualification,Sub28,0.259785473
13.photography,Sub126,0.259547061
13.anime,Sub232,0.258945923
9.status,Sub75,0.258866852
13.automobile,Sub169,0.257537392
2.Frequency,Sub28,0.257210145
13.cooking,Sub5,0.256978084
13.cooking,Sub5,0.256978084
7.qualification,Sub157,0.256213464
11.CGPA,Sub171,0.255637401
9.status,Sub237,0.255390001
13.collection,Sub193,0.255234523
13.movie,Sub136,0.255096794
13.TV series,Sub157,0.254906354
13.anime,Sub152,0.254581423
13.skincare,Sub199,0.254425988
13.photography,Sub164,0.254380387
3.gender,Sub126,0.253792571
13.sports,Sub136,0.253370101
9.status,Sub71,0.253118645
6.weight,Sub153,0.25306207
13.keep pets,Sub208,0.252910969
13.music,Sub1,0.252773773
13.photography,Sub222,0.252687301
13.keep pets,Sub235,0.251837728
13.movie,Sub47,0.251787161
11.CGPA,Sub137,0.251137052
13.starchaaser,Sub228,0.250539114
13.TV series,Sub216,0.250119202
13.online shopping,Sub32,0.249670106
13.travelling,Sub185,0.249079418
3.gender,Sub207,0.248504715
3.gender,Sub24,0.248399203
13.technology,Sub231,0.24835672
13.skincare,Sub47,0.248257176
13.skincare,Sub30,0.248006095
13.game,Sub168,0.247854009
5.height,Sub161,0.247392092
13.photography,Sub153,0.247084332
13.DIY,Sub47,0.247041676
13.cooking,Sub76,0.246872262
13.cooking,Sub206,0.246683177
7.qualification,Sub183,0.246649411
3.gender,Sub1,0.246571214
13.game,Sub24,0.24597202
13.TV series,Sub30,0.245679613
5.height,Sub183,0.245667206
13.sports,Sub17,0.245261601
7.qualification,Sub206,0.245062258
13.starchaaser,Sub193,0.245029398
13.online shopping,Sub156,0.244350728
13.skincare,Sub76,0.24430976
13.collection,Sub137,0.244102279
13.technology,Sub232,0.244032375
2.Frequency,Sub193,0.243992659
13.online shopping,Sub33,0.243738098
13.skincare,Sub25,0.24277546
6.weight,Sub237,0.242740035
13.movie,Sub95,0.242133355
13.skincare,Sub173,0.241749632
12.monthly expenditure,Sub27,0.241739215
11.CGPA,Sub179,0.241663733
5.height,Sub31,0.241370125
13.dancing,Sub71,0.241094431
2.Frequency,Sub24,0.240776319
13.cooking,Sub21,0.240501334
12.monthly expenditure,Sub170,0.240409087
2.Frequency,Sub225,0.240277287
6.weight,Sub17,0.240235454
13.personal finance,Sub213,0.240118025
13.game,Sub235,0.239631429
13.TV series,Sub26,0.239566221
9.status,Sub47,0.239477011
13.online shopping,Sub26,0.239443482
13.music,Sub25,0.239191082
13.DIY,Sub31,0.239094318
13.TV series,Sub224,0.238873993
13.game,Sub20,0.238521292
13.skincare,Sub26,0.237955986
13.painting or calligraphy,Sub31,0.237904513
6.weight,Sub20,0.23777835
5.height,Sub214,0.237614906
13.movie,Sub122,0.23753833
6.weight,Sub31,0.237145773
13.anime,Sub219,0.236722631
13.collection,Sub168,0.236493295
8.living area,Sub226,0.236190973
13.cooking,Sub176,0.235992577
13.game,Sub47,0.235901263
11.CGPA,Sub214,0.235806108
2.Frequency,Sub161,0.235503767
11.CGPA,Sub37,0.235463158
11.CGPA,Sub95,0.235369845
13.TV series,Sub226,0.234911018
13.automobile,Sub138,0.234799359
13.anime,Sub1,0.234785494
13.movie,Sub210,0.234689277
11.CGPA,Sub199,0.234679866
12.monthly expenditure,Sub17,0.234575245
8.living area,Sub224,0.234301721
6.weight,Sub136,0.234173415
13.keep pets,Sub205,0.233985139
13.sports,Sub208,0.233304552
3.gender,Sub26,0.23322352
9.status,Sub228,0.233135716
13.TV series,Sub71,0.232873017
5.height,Sub27,0.232252026
13.sports,Sub184,0.232001196
13.cooking,Sub220,0.231778785
13.technology,Sub193,0.231553844
13.cooking,Sub195,0.231498498
3.gender,Sub154,0.231487354
13.personal finance,Sub227,0.231440943
13.painting or calligraphy,Sub25,0.231426116
12.monthly expenditure,Sub59,0.231233647
2.Frequency,Sub235,0.230215149
9.status,Sub95,0.230170867
3.gender,Sub180,0.229480028
7.qualification,Sub237,0.229378374
13.game,Sub153,0.22933603
13.collection,Sub210,0.229022944
13.anime,Sub207,0.22893506
13.keep pets,Sub182,0.228471026
2.Frequency,Sub130,0.227855761
13.technology,Sub198,0.226903638
13.technology,Sub17,0.226702441
13.anime,Sub160,0.22600837
8.living area,Sub137,0.225961746
6.weight,Sub213,0.225866672
2.Frequency,Sub153,0.225682902
3.gender,Sub214,0.225570779
13.game,Sub161,0.225567235
3.gender,Sub160,0.225496457
13.technology,Sub221,0.225423784
8.living area,Sub210,0.225412458
13.starchaaser,Sub176,0.225346122
13.technology,Sub59,0.225244208
13.TV series,Sub225,0.224797486
8.living area,Sub235,0.224662802
13.sports,Sub127,0.224200721
13.painting or calligraphy,Sub136,0.224135966
13.music,Sub75,0.223622562
13.anime,Sub218,0.223526903
6.weight,Sub208,0.223504489
13.music,Sub221,0.222905776
13.skincare,Sub86,0.222767154
13.travelling,Sub51,0.222678803
13.technology,Sub75,0.222455076
13.technology,Sub130,0.222399136
13.anime,Sub205,0.222200451
13.travelling,Sub179,0.222162473
8.living area,Sub153,0.222024006
2.Frequency,Sub206,0.221924604
2.Frequency,Sub232,0.22191856
11.CGPA,Sub20,0.221816332
3.gender,Sub28,0.221602258
13.personal finance,Sub215,0.220883722
2.Frequency,Sub137,0.220876704
9.status,Sub233,0.219035863
5.height,Sub71,0.218948524
9.status,Sub130,0.218783473
13.dancing,Sub185,0.218779525
6.weight,Sub173,0.218285545
13.painting or calligraphy,Sub161,0.218282676
12.monthly expenditure,Sub172,0.218241063
13.skincare,Sub95,0.21792001
13.music,Sub201,0.217694281
13.technology,Sub124,0.217690749
9.status,Sub161,0.217652157
7.qualification,Sub203,0.217592481
7.qualification,Sub227,0.217577619
13.movie,Sub222,0.217576567
13.dancing,Sub201,0.217436349
13.keep pets,Sub173,0.217407146
12.monthly expenditure,Sub31,0.217297453
5.height,Sub19,0.217106842
13.TV series,Sub183,0.217039998
13.TV series,Sub127,0.216985957
13.travelling,Sub37,0.216957436
9.status,Sub219,0.216921876
12.monthly expenditure,Sub168,0.216874892
13.sports,Sub138,0.216795813
13.TV series,Sub179,0.216765488
13.game,Sub216,0.216662323
13.skincare,Sub22,0.216399622
13.starchaaser,Sub224,0.216307436
13.TV series,Sub237,0.216259078
5.height,Sub220,0.216161683
13.anime,Sub226,0.216161513
2.Frequency,Sub220,0.215958285
7.qualification,Sub85,0.215951037
13.online shopping,Sub214,0.215940188
13.skincare,Sub153,0.215683774
8.living area,Sub207,0.215518742
13.music,Sub235,0.215431233
13.cooking,Sub156,0.215421998
13.cooking,Sub236,0.215338044
3.gender,Sub179,0.215046856
13.movie,Sub21,0.214934609
7.qualification,Sub221,0.214127187
13.game,Sub226,0.214008326
13.cooking,Sub75,0.213844229
9.status,Sub153,0.213631511
13.music,Sub124,0.213497792
13.cooking,Sub205,0.213366205
2.Frequency,Sub180,0.21333618
13.anime,Sub147,0.213229656
13.keep pets,Sub158,0.213143666
7.qualification,Sub229,0.212407152
13.anime,Sub154,0.212281401
13.sports,Sub219,0.211931728
8.living area,Sub237,0.211477055
3.gender,Sub204,0.211352865
3.gender,Sub158,0.21133426
13.keep pets,Sub1,0.211261079
13.online shopping,Sub83,0.211220674
13.online shopping,Sub83,0.211220674
13.sports,Sub71,0.211183947
13.game,Sub1,0.210912384
3.gender,Sub205,0.210709853
13.technology,Sub213,0.210703877
8.living area,Sub127,0.210684067
13.online shopping,Sub145,0.210622927
9.status,Sub124,0.210607042
7.qualification,Sub25,0.21044978
3.gender,Sub170,0.210426893
13.TV series,Sub37,0.210409743
12.monthly expenditure,Sub24,0.209582158
13.anime,Sub20,0.209406271
13.automobile,Sub65,0.209293195
13.painting or calligraphy,Sub209,0.209191416
5.height,Sub145,0.209000978
5.height,Sub83,0.208611847
5.height,Sub83,0.208611847
13.anime,Sub228,0.208610933
2.Frequency,Sub22,0.208579083
13.collection,Sub26,0.20832866
5.height,Sub20,0.207812253
12.monthly expenditure,Sub153,0.207788133
11.CGPA,Sub1,0.207292573
13.anime,Sub206,0.207154355
13.TV series,Sub180,0.207063942
13.music,Sub28,0.206942616
13.collection,Sub47,0.20680263
5.height,Sub24,0.206795692
13.music,Sub85,0.206711431
5.height,Sub147,0.206448139
13.personal finance,Sub220,0.206346724
13.DIY,Sub27,0.206198123
8.living area,Sub220,0.206173959
12.monthly expenditure,Sub65,0.205979885
3.gender,Sub47,0.205911493
9.status,Sub158,0.205849098
8.living area,Sub193,0.205766977
13.online shopping,Sub22,0.20560992
13.DIY,Sub21,0.205607224
4.age,Sub31,0.205526716
13.cooking,Sub85,0.205365626
7.qualification,Sub47,0.2053565
13.online shopping,Sub147,0.205212159
11.CGPA,Sub51,0.205142099
3.gender,Sub200,0.205046027
13.sports,Sub213,0.204780551
9.status,Sub121,0.204775853
13.movie,Sub32,0.204520281
13.game,Sub198,0.204076538
13.music,Sub184,0.203809551
13.DIY,Sub201,0.203760087
13.movie,Sub229,0.203495553
9.status,Sub239,0.203491504
13.keep pets,Sub210,0.203322884
13.anime,Sub198,0.203167253
11.CGPA,Sub184,0.202836494
13.game,Sub213,0.202777877
5.height,Sub198,0.202587286
7.qualification,Sub137,0.202556448
13.game,Sub76,0.202513207
13.keep pets,Sub25,0.202499912
8.living area,Sub156,0.202474605
7.qualification,Sub232,0.202218252
13.starchaaser,Sub213,0.202098215
2.Frequency,Sub171,0.201718572
13.skincare,Sub214,0.201700084
13.online shopping,Sub237,0.201687138
3.gender,Sub169,0.201658653
13.technology,Sub212,0.201601426
13.sports,Sub207,0.201590036
13.anime,Sub145,0.201528266
13.painting or calligraphy,Sub86,0.201450468
13.game,Sub176,0.201416407
11.CGPA,Sub31,0.201393299
13.skincare,Sub24,0.201375982
13.DIY,Sub71,0.201287725
3.gender,Sub95,0.201218502
13.technology,Sub173,0.201178232
4.age,Sub209,0.201045994
13.TV series,Sub220,0.201019347
11.CGPA,Sub208,0.200901449
13.painting or calligraphy,Sub158,0.200844685
13.travelling,Sub173,0.200615884
6.weight,Sub162,0.20055762
3.gender,Sub208,0.20054695
13.anime,Sub146,0.200473199
13.anime,Sub83,0.200473198
2.Frequency,Sub205,0.20041471
13.online shopping,Sub122,0.199725122
13.sports,Sub183,0.199718533
13.personal finance,Sub201,0.199688631
3.gender,Sub37,0.199684454
13.technology,Sub216,0.199363645
13.game,Sub208,0.199341903
13.automobile,Sub121,0.199338877
13.skincare,Sub238,0.19922398
13.skincare,Sub168,0.199155749
13.cooking,Sub24,0.19900842
13.technology,Sub201,0.198483221
9.status,Sub126,0.198397203
13.cooking,Sub215,0.198389886
13.technology,Sub207,0.198185594
7.qualification,Sub218,0.197997744
13.starchaaser,Sub95,0.197891255
13.technology,Sub204,0.197757508
12.monthly expenditure,Sub173,0.197611944
5.height,Sub193,0.197582849
13.automobile,Sub17,0.19757192
13.travelling,Sub178,0.197357801
13.cooking,Sub204,0.197328671
11.CGPA,Sub193,0.197304571
13.keep pets,Sub147,0.197122014
2.Frequency,Sub203,0.197111185
2.Frequency,Sub214,0.196660182
13.game,Sub30,0.196651813
13.skincare,Sub176,0.196637534
13.DIY,Sub225,0.196623105
12.monthly expenditure,Sub1,0.196225513
13.personal finance,Sub85,0.19617454
13.cooking,Sub228,0.196088169
13.personal finance,Sub138,0.195974747
13.TV series,Sub178,0.195860918
9.status,Sub206,0.19584847
13.travelling,Sub207,0.195845736
13.music,Sub218,0.195832926
11.CGPA,Sub71,0.195806049
13.game,Sub126,0.19579187
13.technology,Sub200,0.195355866
9.status,Sub17,0.195120206
13.skincare,Sub20,0.19507158
12.monthly expenditure,Sub221,0.195012929
5.height,Sub200,0.194842413
13.travelling,Sub138,0.1948017
13.cooking,Sub170,0.194756425
6.weight,Sub214,0.194404305
8.living area,Sub65,0.194286932
7.qualification,Sub231,0.19422655
13.cooking,Sub203,0.19412471
11.CGPA,Sub209,0.193829701
13.online shopping,Sub208,0.193721886
13.skincare,Sub126,0.193538717
9.status,Sub172,0.193272245
13.collection,Sub236,0.193205152
13.starchaaser,Sub17,0.193094056
13.photography,Sub21,0.192700128
2.Frequency,Sub216,0.19266836
13.keep pets,Sub212,0.192653487
13.movie,Sub201,0.192617134
13.game,Sub215,0.192535066
13.skincare,Sub226,0.192386143
6.weight,Sub76,0.192259615
13.painting or calligraphy,Sub75,0.192183932
13.game,Sub28,0.192177532
9.status,Sub29,0.19210608
13.keep pets,Sub225,0.192100339
11.CGPA,Sub207,0.192086988
13.dancing,Sub17,0.191775698
9.status,Sub203,0.191454109
13.technology,Sub152,0.191336198
13.TV series,Sub232,0.191126106
8.living area,Sub162,0.191111744
2.Frequency,Sub124,0.190889863
13.painting or calligraphy,Sub212,0.190833624
13.game,Sub182,0.190753464
13.painting or calligraphy,Sub29,0.190175427
13.online shopping,Sub157,0.189943693
13.technology,Sub76,0.18978456
13.sports,Sub30,0.189628148
13.dancing,Sub27,0.189365238
9.status,Sub24,0.18930625
13.keep pets,Sub146,0.189282397
13.keep pets,Sub83,0.189282396
2.Frequency,Sub229,0.189206368
13.technology,Sub205,0.189115375
8.living area,Sub238,0.188939476
13.keep pets,Sub145,0.188937957
2.Frequency,Sub215,0.188879099
13.music,Sub214,0.188607911
13.keep pets,Sub122,0.188333557
13.personal finance,Sub225,0.187914739
4.age,Sub176,0.18772256
13.movie,Sub33,0.187688585
3.gender,Sub213,0.187585095
13.travelling,Sub152,0.187572854
13.technology,Sub239,0.187371594
13.cooking,Sub209,0.187283487
13.movie,Sub233,0.187170168
13.keep pets,Sub85,0.187046407
13.starchaaser,Sub230,0.186673001
13.personal finance,Sub208,0.18654955
9.status,Sub22,0.186474845
8.living area,Sub239,0.186469989
13.game,Sub5,0.186431497
13.travelling,Sub232,0.186218641
13.skincare,Sub162,0.186115126
8.living area,Sub214,0.185978819
2.Frequency,Sub204,0.185159402
5.height,Sub47,0.185069212
2.Frequency,Sub184,0.184861556
5.height,Sub225,0.184777579
13.TV series,Sub145,0.184578859
13.sports,Sub218,0.184508658
13.music,Sub231,0.18435325
13.technology,Sub29,0.184339986
13.TV series,Sub147,0.184204247
13.online shopping,Sub170,0.183899486
13.TV series,Sub83,0.183895957
13.TV series,Sub83,0.183895957
13.game,Sub180,0.183738467
13.starchaaser,Sub47,0.183674975
13.sports,Sub215,0.183618293
13.online shopping,Sub159,0.183607055
13.painting or calligraphy,Sub207,0.183562349
13.starchaaser,Sub21,0.183441054
2.Frequency,Sub65,0.183308965
13.game,Sub75,0.183131367
13.technology,Sub209,0.183096536
11.CGPA,Sub232,0.1830614
13.DIY,Sub193,0.183030554
5.height,Sub86,0.182770204
2.Frequency,Sub37,0.182767104
13.sports,Sub209,0.182343987
13.music,Sub229,0.182312229
12.monthly expenditure,Sub30,0.18220806
13.movie,Sub170,0.181853883
13.TV series,Sub204,0.181808828
13.movie,Sub153,0.181736511
5.height,Sub169,0.181691674
13.technology,Sub183,0.181593897
13.cooking,Sub233,0.181515302
9.status,Sub222,0.181349261
12.monthly expenditure,Sub195,0.181087489
9.status,Sub182,0.180927178
13.starchaaser,Sub153,0.180897513
11.CGPA,Sub231,0.180795275
7.qualification,Sub121,0.180579217
13.DIY,Sub170,0.180567219
13.cooking,Sub180,0.180483621
13.cooking,Sub229,0.180437493
7.qualification,Sub71,0.180082806
9.status,Sub28,0.179836813
7.qualification,Sub76,0.179656603
13.skincare,Sub51,0.179497202
3.gender,Sub219,0.179391431
3.gender,Sub203,0.179324937
9.status,Sub159,0.179292251
2.Frequency,Sub185,0.179286397
8.living area,Sub95,0.179225588
13.travelling,Sub31,0.17918384
13.online shopping,Sub19,0.179096264
13.keep pets,Sub136,0.179065089
13.photography,Sub95,0.178747252
13.dancing,Sub26,0.178340608
8.living area,Sub172,0.177764236
13.anime,Sub162,0.177295881
8.living area,Sub121,0.177204447
13.online shopping,Sub86,0.177137626
13.photography,Sub161,0.177073203
13.cooking,Sub219,0.177039369
7.qualification,Sub235,0.176951767
3.gender,Sub225,0.176886376
13.travelling,Sub32,0.176852669
3.gender,Sub237,0.176600723
7.qualification,Sub138,0.1763281
13.travelling,Sub171,0.176318514
13.game,Sub122,0.17610893
13.cooking,Sub152,0.176039196
13.cooking,Sub65,0.175944785
13.game,Sub156,0.175923902
6.weight,Sub95,0.175862607
6.weight,Sub207,0.175631734
3.gender,Sub168,0.175559291
13.technology,Sub222,0.175495553
13.technology,Sub215,0.175169596
13.online shopping,Sub231,0.175149857
13.travelling,Sub1,0.175136239
8.living area,Sub31,0.175039851
13.TV series,Sub25,0.174877191
13.personal finance,Sub127,0.174763936
13.collection,Sub25,0.174719759
6.weight,Sub130,0.174479878
4.age,Sub219,0.174439304
13.game,Sub200,0.174367596
11.CGPA,Sub230,0.174362261
13.technology,Sub85,0.174343806
13.technology,Sub154,0.17434041
9.status,Sub176,0.174165322
13.cooking,Sub37,0.173939626
13.travelling,Sub33,0.173805993
13.sports,Sub221,0.17365692
13.dancing,Sub173,0.17361909
13.painting or calligraphy,Sub238,0.17355221
13.cooking,Sub179,0.173436451
2.Frequency,Sub127,0.173407945
3.gender,Sub178,0.173207247
13.starchaaser,Sub26,0.173115531
13.music,Sub173,0.172911998
13.game,Sub169,0.172495023
8.living area,Sub24,0.172424183
2.Frequency,Sub154,0.172308383
13.sports,Sub5,0.17219058
13.sports,Sub5,0.17219058
13.painting or calligraphy,Sub219,0.171986497
13.technology,Sub203,0.171803055
13.travelling,Sub22,0.171769771
13.keep pets,Sub27,0.171760571
8.living area,Sub195,0.171757453
13.skincare,Sub216,0.171671273
13.TV series,Sub209,0.171565693
2.Frequency,Sub152,0.171453282
13.anime,Sub199,0.171402679
13.technology,Sub182,0.171148016
13.travelling,Sub85,0.170936471
13.technology,Sub156,0.170913829
13.game,Sub145,0.170479458
13.online shopping,Sub232,0.170413298
2.Frequency,Sub31,0.170244133
13.music,Sub224,0.170176649
9.status,Sub185,0.170022243
12.monthly expenditure,Sub219,0.169945577
13.game,Sub83,0.169848721
13.game,Sub83,0.169848721
5.height,Sub156,0.169713675
6.weight,Sub147,0.169664357
13.movie,Sub124,0.169581519
9.status,Sub37,0.169554277
13.music,Sub212,0.169516999
13.movie,Sub179,0.169470314
13.cooking,Sub238,0.169215925
3.gender,Sub127,0.169163562
5.height,Sub168,0.168960691
3.gender,Sub59,0.168845281
13.collection,Sub228,0.168628344
13.photography,Sub160,0.168436174
13.dancing,Sub164,0.168356843
13.travelling,Sub200,0.168148401
13.online shopping,Sub152,0.168112708
3.gender,Sub232,0.168075099
13.game,Sub147,0.168041196
13.dancing,Sub31,0.167596735
13.online shopping,Sub204,0.16754505
13.game,Sub59,0.167420089
2.Frequency,Sub179,0.167392665
13.cooking,Sub161,0.167333205
6.weight,Sub227,0.166991867
13.painting or calligraphy,Sub171,0.166935849
3.gender,Sub30,0.166751139
13.TV series,Sub230,0.166576084
13.starchaaser,Sub27,0.166423931
11.CGPA,Sub17,0.166040373
13.movie,Sub169,0.165723721
13.game,Sub37,0.165700844
4.age,Sub218,0.165596784
13.skincare,Sub220,0.165588491
13.anime,Sub33,0.165515782
9.status,Sub26,0.165285556
13.movie,Sub178,0.165268144
3.gender,Sub33,0.165256247
8.living area,Sub233,0.165237565
4.age,Sub172,0.165029566
13.starchaaser,Sub180,0.165017864
8.living area,Sub176,0.164581392
6.weight,Sub24,0.164543451
13.travelling,Sub21,0.164522787
13.TV series,Sub184,0.16436025
8.living area,Sub230,0.164292186
13.sports,Sub161,0.164188463
9.status,Sub218,0.164170971
13.anime,Sub156,0.163975188
9.status,Sub226,0.163830323
13.starchaaser,Sub86,0.163730501
13.starchaaser,Sub238,0.163617631
13.starchaaser,Sub239,0.163338511
13.movie,Sub195,0.163289493
5.height,Sub173,0.163288154
13.photography,Sub138,0.163153458
13.personal finance,Sub160,0.163074482
9.status,Sub180,0.163008637
5.height,Sub227,0.162750251
5.height,Sub127,0.162533431
12.monthly expenditure,Sub218,0.162238655
13.automobile,Sub160,0.162068659
13.painting or calligraphy,Sub182,0.162045798
13.travelling,Sub201,0.161983162
13.online shopping,Sub236,0.16197495
13.travelling,Sub229,0.161780034
3.gender,Sub51,0.16167671
9.status,Sub205,0.161596201
13.painting or calligraphy,Sub222,0.161581317
13.anime,Sub185,0.161440731
13.dancing,Sub124,0.161434478
13.anime,Sub75,0.161415288
3.gender,Sub147,0.161348147
13.DIY,Sub126,0.161155899
13.keep pets,Sub207,0.161127742
13.dancing,Sub25,0.161073491
13.dancing,Sub65,0.160930314
13.game,Sub237,0.160865526
13.game,Sub179,0.160834139
13.movie,Sub1,0.160811463
13.skincare,Sub28,0.160634238
5.height,Sub238,0.160463319
13.music,Sub95,0.16028973
6.weight,Sub29,0.160230204
13.painting or calligraphy,Sub85,0.16016771
9.status,Sub168,0.160105138
6.weight,Sub145,0.160002164
13.game,Sub170,0.159913386
3.gender,Sub195,0.159694612
13.music,Sub233,0.15958257
13.skincare,Sub185,0.159495001
13.skincare,Sub185,0.159495001
3.gender,Sub5,0.15947
8.living area,Sub147,0.159446377
3.gender,Sub183,0.159068629
6.weight,Sub83,0.159047281
6.weight,Sub83,0.159047281
4.age,Sub28,0.158842443
13.collection,Sub85,0.158740667
3.gender,Sub152,0.158714221
13.TV series,Sub156,0.158705855
13.movie,Sub161,0.158681404
13.technology,Sub126,0.158670003
6.weight,Sub232,0.158628976
13.personal finance,Sub206,0.158564202
9.status,Sub162,0.158495026
13.music,Sub76,0.158414248
7.qualification,Sub169,0.158366666
2.Frequency,Sub178,0.158344968
13.TV series,Sub239,0.158325726
3.gender,Sub184,0.158194739
2.Frequency,Sub209,0.158133254
5.height,Sub33,0.158132833
13.starchaaser,Sub29,0.158020804
5.height,Sub228,0.157998898
13.painting or calligraphy,Sub193,0.157953082
8.living area,Sub47,0.157928255
13.online shopping,Sub126,0.157680341
13.collection,Sub27,0.157660489
13.cooking,Sub212,0.15758259
13.technology,Sub136,0.157505291
8.living area,Sub169,0.157393863
3.gender,Sub145,0.157377597
13.anime,Sub164,0.157219481
13.music,Sub238,0.157108664
7.qualification,Sub200,0.157084581
3.gender,Sub32,0.157055698
3.gender,Sub206,0.157001078
13.TV series,Sub154,0.156743496
13.travelling,Sub164,0.156719197
3.gender,Sub146,0.156649142
3.gender,Sub83,0.156649141
11.CGPA,Sub153,0.156627296
13.photography,Sub171,0.156624829
13.anime,Sub239,0.156566233
13.skincare,Sub224,0.156542286
13.photography,Sub172,0.156464843
13.cooking,Sub147,0.156425055
11.CGPA,Sub28,0.156400904
13.cooking,Sub83,0.156319741
13.cooking,Sub83,0.156319741
8.living area,Sub27,0.156111862
3.gender,Sub159,0.156090615
13.keep pets,Sub209,0.156056118
13.online shopping,Sub154,0.156027968
13.cooking,Sub145,0.155921648
13.cooking,Sub207,0.155892909
9.status,Sub204,0.155765233
13.painting or calligraphy,Sub199,0.155745021
13.TV series,Sub47,0.155633268
8.living area,Sub180,0.155599006
13.painting or calligraphy,Sub47,0.155378982
13.sports,Sub121,0.155185113
13.TV series,Sub126,0.155158386
13.game,Sub228,0.15477991
13.movie,Sub28,0.154767669
13.music,Sub138,0.154630324
13.game,Sub95,0.154371635
13.cooking,Sub25,0.153761366
13.keep pets,Sub214,0.153744858
5.height,Sub230,0.153620156
13.travelling,Sub19,0.153573779
13.skincare,Sub75,0.153447922
13.travelling,Sub184,0.153413801
13.sports,Sub86,0.153406199
5.height,Sub170,0.153393057
13.keep pets,Sub21,0.152967226
13.skincare,Sub152,0.152959117
9.status,Sub170,0.152937604
13.movie,Sub204,0.152882362
13.movie,Sub24,0.152859076
13.anime,Sub137,0.152816519
13.collection,Sub170,0.152749661
9.status,Sub184,0.152629799
13.dancing,Sub205,0.152575066
13.skincare,Sub212,0.152301215
13.technology,Sub219,0.152176535
13.TV series,Sub76,0.152053963
13.music,Sub180,0.152006581
13.photography,Sub210,0.151956475
9.status,Sub179,0.151445064
13.starchaaser,Sub51,0.15139166
13.movie,Sub127,0.15121608
13.sports,Sub1,0.151208635
7.qualification,Sub153,0.151193764
8.living area,Sub209,0.151137879
13.collection,Sub31,0.151120243
6.weight,Sub170,0.151097558
2.Frequency,Sub236,0.151005716
6.weight,Sub184,0.150754769
13.TV series,Sub205,0.150631496
8.living area,Sub179,0.150602292
8.living area,Sub222,0.150422605
8.living area,Sub168,0.150342941
13.travelling,Sub122,0.15024519
13.sports,Sub238,0.15020653
5.height,Sub85,0.150063776
13.travelling,Sub17,0.149940479
13.collection,Sub71,0.149788615
13.skincare,Sub232,0.149483827
13.skincare,Sub235,0.149457034
13.game,Sub26,0.149436574
8.living area,Sub83,0.149355883
8.living area,Sub83,0.149355883
8.living area,Sub21,0.149172538
13.starchaaser,Sub136,0.149014158
13.dancing,Sub22,0.148991439
8.living area,Sub51,0.148942865
3.gender,Sub162,0.148919039
8.living area,Sub29,0.148909941
5.height,Sub154,0.148779374
13.movie,Sub75,0.148600027
11.CGPA,Sub172,0.148558806
13.music,Sub227,0.148549476
13.TV series,Sub215,0.148539334
13.sports,Sub65,0.148464573
13.dancing,Sub203,0.148333337
8.living area,Sub145,0.148241601
13.anime,Sub169,0.148211006
8.living area,Sub130,0.148025213
13.starchaaser,Sub159,0.147889807
13.movie,Sub130,0.147521889
13.technology,Sub184,0.147486764
13.movie,Sub203,0.147461514
13.skincare,Sub205,0.147433916
13.game,Sub164,0.147378055
13.painting or calligraphy,Sub231,0.147152152
13.online shopping,Sub203,0.146984753
13.painting or calligraphy,Sub176,0.146835218
4.age,Sub161,0.146559513
12.monthly expenditure,Sub239,0.146553801
13.sports,Sub200,0.146453469
13.skincare,Sub170,0.14642006
6.weight,Sub204,0.146245919
6.weight,Sub51,0.146089928
13.cooking,Sub178,0.1460846
13.starchaaser,Sub227,0.14605562
13.personal finance,Sub203,0.146047601
5.height,Sub162,0.145964184
12.monthly expenditure,Sub229,0.145885681
13.keep pets,Sub152,0.145719699
5.height,Sub180,0.145631722
4.age,Sub85,0.145615218
8.living area,Sub17,0.145597808
13.technology,Sub83,0.145512773
13.technology,Sub146,0.145512772
4.age,Sub17,0.145350185
13.game,Sub130,0.145339946
9.status,Sub210,0.145266326
13.TV series,Sub85,0.145040006
13.music,Sub37,0.144992751
13.dancing,Sub28,0.144957753
13.DIY,Sub161,0.144759467
5.height,Sub30,0.144701602
12.monthly expenditure,Sub20,0.144673577
13.game,Sub195,0.144648044
13.technology,Sub145,0.144547111
4.age,Sub207,0.14446785
13.dancing,Sub206,0.144233585
5.height,Sub206,0.143923912
2.Frequency,Sub1,0.143904562
13.skincare,Sub236,0.14367302
8.living area,Sub221,0.143663626
5.height,Sub124,0.14365439
13.movie,Sub205,0.143611939
13.TV series,Sub203,0.143547552
8.living area,Sub213,0.143498432
13.collection,Sub207,0.143198075
13.anime,Sub176,0.142758778
5.height,Sub178,0.142539664
13.online shopping,Sub216,0.142391088
4.age,Sub173,0.142257185
13.movie,Sub37,0.142248863
5.height,Sub32,0.142048758
13.automobile,Sub86,0.141964828
13.starchaaser,Sub233,0.141934832
13.TV series,Sub214,0.141837395
3.gender,Sub238,0.141709318
13.painting or calligraphy,Sub225,0.141642065
13.skincare,Sub218,0.141399908
11.CGPA,Sub212,0.141108941
13.anime,Sub32,0.14107728
13.game,Sub178,0.141040355
13.dancing,Sub127,0.140935525
13.technology,Sub122,0.140760486
13.cooking,Sub121,0.140709995
13.starchaaser,Sub161,0.140671401
2.Frequency,Sub25,0.140603315
13.game,Sub33,0.140308085
13.travelling,Sub162,0.140216643
13.technology,Sub147,0.140170819
13.technology,Sub170,0.14014761
13.game,Sub25,0.140093497
12.monthly expenditure,Sub184,0.140083182
3.gender,Sub182,0.140075621
13.cooking,Sub160,0.1399338
5.height,Sub25,0.139891642
2.Frequency,Sub159,0.13985346
13.movie,Sub86,0.139827684
11.CGPA,Sub30,0.139800377
13.starchaaser,Sub236,0.139789779
6.weight,Sub233,0.139682214
12.monthly expenditure,Sub32,0.139446785
13.sports,Sub171,0.139295713
13.travelling,Sub227,0.139255019
7.qualification,Sub214,0.139228086
13.technology,Sub26,0.139162769
9.status,Sub152,0.138893261
7.qualification,Sub225,0.13884818
13.starchaaser,Sub214,0.138758673
13.sports,Sub145,0.138580025
13.movie,Sub162,0.138495755
13.collection,Sub224,0.138468034
2.Frequency,Sub17,0.138425966
8.living area,Sub160,0.138195411
13.personal finance,Sub168,0.138075646
13.online shopping,Sub17,0.13801685
13.technology,Sub32,0.137993885
12.monthly expenditure,Sub86,0.13798561
13.music,Sub71,0.137933337
2.Frequency,Sub51,0.137931236
13.sports,Sub83,0.137906139
13.sports,Sub83,0.137906139
4.age,Sub183,0.137616653
13.DIY,Sub160,0.137525365
13.technology,Sub22,0.13737715
13.cooking,Sub231,0.137296722
13.music,Sub179,0.137268086
13.online shopping,Sub176,0.13721926
5.height,Sub218,0.137112405
7.qualification,Sub1,0.136964063
13.skincare,Sub233,0.136903432
13.game,Sub124,0.136820285
13.skincare,Sub207,0.136637317
13.TV series,Sub195,0.136473349
8.living area,Sub218,0.136454203
13.starchaaser,Sub65,0.136420493
13.TV series,Sub206,0.136409976
13.painting or calligraphy,Sub204,0.136116102
13.game,Sub154,0.136109623
3.gender,Sub199,0.135994325
4.age,Sub21,0.135941853
13.anime,Sub227,0.13587312
13.personal finance,Sub153,0.135871058
7.qualification,Sub75,0.135743019
13.starchaaser,Sub152,0.135715792
6.weight,Sub183,0.135688042
13.skincare,Sub37,0.135617389
13.starchaaser,Sub172,0.135490552
13.personal finance,Sub126,0.135373636
13.game,Sub212,0.135324618
13.anime,Sub204,0.134935171
8.living area,Sub178,0.134825422
13.skincare,Sub161,0.134819615
13.travelling,Sub216,0.134808058
13.TV series,Sub222,0.134795437
13.cooking,Sub222,0.134725061
13.sports,Sub225,0.134442853
13.movie,Sub206,0.134362568
13.music,Sub213,0.134187652
13.skincare,Sub219,0.134024361
3.gender,Sub122,0.134004727
4.age,Sub210,0.133900036
13.sports,Sub147,0.133623704
2.Frequency,Sub207,0.133562142
13.starchaaser,Sub59,0.133455417
13.TV series,Sub86,0.133285119
13.painting or calligraphy,Sub172,0.133078826
13.photography,Sub47,0.133001
12.monthly expenditure,Sub33,0.132864533
4.age,Sub164,0.132860735
13.personal finance,Sub65,0.132766028
13.DIY,Sub122,0.13267134
5.height,Sub179,0.132665886
13.sports,Sub182,0.132513736
13.music,Sub5,0.132363951
13.music,Sub5,0.132363951
13.DIY,Sub22,0.132165488
13.cooking,Sub168,0.132145138
13.game,Sub32,0.131994039
13.dancing,Sub171,0.131816119
13.technology,Sub127,0.131763408
13.DIY,Sub137,0.131740649
13.TV series,Sub170,0.131719514
2.Frequency,Sub160,0.131604855
13.starchaaser,Sub162,0.131518392
9.status,Sub20,0.131420669
7.qualification,Sub204,0.131363835
12.monthly expenditure,Sub226,0.131344957
13.skincare,Sub225,0.131257931
2.Frequency,Sub26,0.131142544
11.CGPA,Sub26,0.131078602
13.travelling,Sub180,0.130956248
4.age,Sub130,0.130917005
6.weight,Sub161,0.130843416
13.painting or calligraphy,Sub126,0.13083674
13.music,Sub24,0.130772658
13.online shopping,Sub71,0.13073871
13.game,Sub220,0.130708197
13.dancing,Sub232,0.130524711
13.skincare,Sub137,0.130431662
12.monthly expenditure,Sub157,0.130316578
13.travelling,Sub218,0.130260793
13.travelling,Sub76,0.1302545
13.TV series,Sub198,0.13021972
6.weight,Sub205,0.130056259
9.status,Sub195,0.130029733
13.dancing,Sub207,0.129959982
13.anime,Sub212,0.129931742
13.online shopping,Sub162,0.129802313
13.dancing,Sub47,0.129800291
13.anime,Sub203,0.129783143
4.age,Sub95,0.129771667
13.DIY,Sub226,0.129547519
13.DIY,Sub210,0.129310313
13.photography,Sub219,0.129217872
6.weight,Sub122,0.12882104
13.music,Sub30,0.128769867
13.movie,Sub226,0.128694213
13.anime,Sub214,0.128686678
9.status,Sub138,0.128564953
13.sports,Sub235,0.128230446
4.age,Sub236,0.128180998
13.skincare,Sub1,0.128018961
13.technology,Sub224,0.128014647
13.starchaaser,Sub25,0.127959719
13.technology,Sub33,0.127902679
8.living area,Sub37,0.127872116
13.personal finance,Sub75,0.12774034
11.CGPA,Sub235,0.12763916
11.CGPA,Sub29,0.127609398
13.skincare,Sub230,0.127520036
13.online shopping,Sub221,0.127489661
13.starchaaser,Sub178,0.127304937
13.starchaaser,Sub24,0.127302707
13.collection,Sub200,0.127284425
13.technology,Sub195,0.126980992
13.game,Sub207,0.12693742
13.game,Sub184,0.126879381
13.DIY,Sub138,0.126858748
8.living area,Sub71,0.126576466
13.starchaaser,Sub37,0.126325244
13.skincare,Sub206,0.126247172
13.cooking,Sub136,0.126179935
13.DIY,Sub76,0.126155381
13.painting or calligraphy,Sub157,0.126148299
9.status,Sub173,0.126109233
13.dancing,Sub86,0.126051759
13.online shopping,Sub136,0.126005416
12.monthly expenditure,Sub220,0.125937415
13.TV series,Sub199,0.125896872
13.automobile,Sub136,0.125761619
5.height,Sub231,0.125601496
13.game,Sub185,0.125240706
11.CGPA,Sub27,0.125212178
12.monthly expenditure,Sub19,0.125179756
13.cooking,Sub169,0.125141042
13.online shopping,Sub160,0.125130092
13.cooking,Sub184,0.124969192
13.personal finance,Sub209,0.124814885
9.status,Sub160,0.12480452
2.Frequency,Sub147,0.124707675
11.CGPA,Sub86,0.124594468
9.status,Sub216,0.124572731
11.CGPA,Sub195,0.124368223
13.personal finance,Sub235,0.124350984
13.game,Sub201,0.124211849
13.TV series,Sub152,0.124166943
4.age,Sub29,0.124077728
13.movie,Sub180,0.124059184
9.status,Sub25,0.123978036
8.living area,Sub173,0.12368111
13.music,Sub152,0.123654541
13.sports,Sub212,0.123629301
13.technology,Sub227,0.12356397
13.painting or calligraphy,Sub159,0.123438715
13.skincare,Sub195,0.123415403
13.technology,Sub220,0.123322706
13.anime,Sub124,0.12327791
13.TV series,Sub137,0.12314329
13.personal finance,Sub204,0.122933049
6.weight,Sub215,0.122886194
5.height,Sub201,0.122875249
13.travelling,Sub5,0.122859023
13.skincare,Sub200,0.122823051
5.height,Sub213,0.122795701
13.game,Sub221,0.122748377
13.personal finance,Sub239,0.122476112
13.online shopping,Sub235,0.122350127
13.travelling,Sub154,0.122247426
13.automobile,Sub221,0.122193123
12.monthly expenditure,Sub198,0.122185715
13.TV series,Sub168,0.122167364
13.photography,Sub30,0.121987344
5.height,Sub219,0.121858869
13.keep pets,Sub153,0.121794873
8.living area,Sub170,0.121747715
13.painting or calligraphy,Sub26,0.121564765
13.starchaaser,Sub122,0.121334987
6.weight,Sub121,0.121323054
12.monthly expenditure,Sub227,0.121300106
11.CGPA,Sub215,0.121216044
11.CGPA,Sub154,0.121209669
13.DIY,Sub130,0.121091243
13.personal finance,Sub205,0.12108835
13.dancing,Sub218,0.12105234
13.technology,Sub218,0.120993641
13.photography,Sub121,0.120944856
13.travelling,Sub199,0.120877733
3.gender,Sub218,0.120865267
13.cooking,Sub218,0.120601016
7.qualification,Sub127,0.120443045
2.Frequency,Sub237,0.120434764
13.dancing,Sub152,0.120326417
13.starchaaser,Sub226,0.120267965
8.living area,Sub158,0.120132324
9.status,Sub147,0.120121961
13.painting or calligraphy,Sub213,0.120120308
2.Frequency,Sub233,0.120089369
13.starchaaser,Sub158,0.120081774
11.CGPA,Sub122,0.120027746
5.height,Sub158,0.120017359
13.skincare,Sub179,0.119875118
13.painting or calligraphy,Sub28,0.119814279
13.painting or calligraphy,Sub153,0.119712581
2.Frequency,Sub173,0.119567013
13.sports,Sub233,0.119516199
4.age,Sub59,0.119513649
13.dancing,Sub1,0.119378297
13.dancing,Sub204,0.119231316
13.travelling,Sub169,0.11923037
13.online shopping,Sub195,0.119186951
13.movie,Sub228,0.119149228
4.age,Sub213,0.119148902
5.height,Sub160,0.119131001
13.game,Sub29,0.119119241
13.online shopping,Sub184,0.119113075
13.DIY,Sub212,0.118980269
13.TV series,Sub28,0.118882912
13.photography,Sub31,0.1186815
13.keep pets,Sub127,0.118656417
13.online shopping,Sub153,0.118583187
2.Frequency,Sub222,0.118518663
13.painting or calligraphy,Sub203,0.118467255
13.game,Sub127,0.118416072
13.starchaaser,Sub216,0.118332057
4.age,Sub193,0.118322183
3.gender,Sub19,0.118316452
13.keep pets,Sub157,0.118146972
13.movie,Sub224,0.118047767
4.age,Sub75,0.117954292
13.travelling,Sub224,0.117934515
13.music,Sub33,0.117905961
13.painting or calligraphy,Sub236,0.117822823
4.age,Sub65,0.117817878
13.automobile,Sub29,0.117808417
2.Frequency,Sub169,0.117692571
4.age,Sub171,0.117623259
13.painting or calligraphy,Sub76,0.117498287
7.qualification,Sub224,0.117441492
6.weight,Sub137,0.117354519
4.age,Sub221,0.117273272
13.skincare,Sub160,0.117077017
13.skincare,Sub160,0.117077017
13.dancing,Sub126,0.116636499
5.height,Sub76,0.116539734
13.dancing,Sub225,0.116410833
13.skincare,Sub228,0.116371196
2.Frequency,Sub210,0.116335102
2.Frequency,Sub145,0.116317361
11.CGPA,Sub170,0.116308846
13.cooking,Sub239,0.116290895
13.travelling,Sub209,0.116259001
12.monthly expenditure,Sub5,0.116238345
13.anime,Sub235,0.116202233
13.collection,Sub20,0.115944108
9.status,Sub235,0.115890294
2.Frequency,Sub83,0.115887012
2.Frequency,Sub146,0.115887011
6.weight,Sub198,0.115847189
3.gender,Sub227,0.115846759
8.living area,Sub154,0.115846316
13.movie,Sub232,0.115804699
13.movie,Sub160,0.115702429
13.music,Sub183,0.115649088
13.technology,Sub206,0.115515759
3.gender,Sub76,0.115492328
13.painting or calligraphy,Sub130,0.115394021
6.weight,Sub25,0.115340059
11.CGPA,Sub76,0.115336534
13.technology,Sub171,0.11524597
13.online shopping,Sub20,0.115161439
13.music,Sub162,0.11515832
13.keep pets,Sub86,0.114841703
13.sports,Sub230,0.114822226
5.height,Sub75,0.114793835
13.music,Sub178,0.114761103
6.weight,Sub28,0.11474933
4.age,Sub76,0.114717574
13.personal finance,Sub222,0.114619816
13.keep pets,Sub201,0.114403693
13.painting or calligraphy,Sub235,0.114194837
7.qualification,Sub201,0.114081645
13.technology,Sub5,0.113893363
13.technology,Sub5,0.113893363
13.technology,Sub5,0.113893363
13.technology,Sub5,0.113893363
13.online shopping,Sub130,0.113777918
12.monthly expenditure,Sub185,0.113703201
13.sports,Sub232,0.113621246
7.qualification,Sub126,0.113604261
13.technology,Sub237,0.113582942
8.living area,Sub199,0.113479526
13.dancing,Sub179,0.113185726
13.painting or calligraphy,Sub121,0.113076307
13.travelling,Sub195,0.112979846
13.cooking,Sub86,0.112845447
6.weight,Sub26,0.112823869
13.sports,Sub25,0.112813369
13.keep pets,Sub51,0.112793391
13.dancing,Sub30,0.112642709
13.technology,Sub225,0.112456367
13.cooking,Sub198,0.112288321
12.monthly expenditure,Sub230,0.112186585
3.gender,Sub86,0.11210681
13.dancing,Sub172,0.112096851
2.Frequency,Sub231,0.111930367
13.dancing,Sub229,0.111845753
3.gender,Sub220,0.111794803
9.status,Sub137,0.111780024
13.music,Sub137,0.111699041
13.music,Sub22,0.111680925
4.age,Sub47,0.111652339
9.status,Sub169,0.111611116
13.photography,Sub65,0.111323365
7.qualification,Sub17,0.111206897
13.movie,Sub168,0.111100619
13.starchaaser,Sub173,0.111094445
13.TV series,Sub218,0.111017481
4.age,Sub238,0.110987055
12.monthly expenditure,Sub26,0.110984915
13.photography,Sub220,0.110850138
13.starchaaser,Sub179,0.110843149
5.height,Sub195,0.110777751
4.age,Sub182,0.11048798
13.starchaaser,Sub1,0.110473825
12.monthly expenditure,Sub138,0.110335741
11.CGPA,Sub147,0.110322956
9.status,Sub145,0.110306966
9.status,Sub145,0.110306966
7.qualification,Sub198,0.110295467
13.technology,Sub180,0.110274237
12.monthly expenditure,Sub51,0.11017131
3.gender,Sub209,0.110130947
13.TV series,Sub238,0.11007289
13.starchaaser,Sub31,0.10996045
9.status,Sub83,0.109898854
9.status,Sub83,0.109898854
9.status,Sub83,0.109898854
9.status,Sub83,0.109898854
13.starchaaser,Sub20,0.109828799
13.TV series,Sub130,0.109671056
13.cooking,Sub33,0.10967028
13.anime,Sub5,0.109575823
13.anime,Sub5,0.109575823
13.anime,Sub5,0.109575823
13.anime,Sub5,0.109575823
13.photography,Sub26,0.109567189
13.anime,Sub237,0.109496986
9.status,Sub178,0.109410057
13.painting or calligraphy,Sub239,0.109389884
13.starchaaser,Sub22,0.109381117
6.weight,Sub206,0.109252402
13.cooking,Sub1,0.109157018
12.monthly expenditure,Sub176,0.108927294
9.status,Sub208,0.108861464
13.starchaaser,Sub222,0.10870821
5.height,Sub37,0.108641667
13.travelling,Sub214,0.108638544
13.game,Sub136,0.108406907
13.starchaaser,Sub170,0.10833417
7.qualification,Sub145,0.108300778
9.status,Sub21,0.108212963
13.skincare,Sub222,0.1081482
4.age,Sub215,0.108045313
12.monthly expenditure,Sub233,0.10803551
5.height,Sub221,0.107876091
13.game,Sub183,0.107857231
13.anime,Sub85,0.107766104
11.CGPA,Sub24,0.107703943
3.gender,Sub236,0.107637381
13.music,Sub32,0.10758223
2.Frequency,Sub33,0.107579385
8.living area,Sub206,0.10750094
13.online shopping,Sub21,0.1072637
13.cooking,Sub32,0.107231926
13.technology,Sub24,0.107171751
13.keep pets,Sub121,0.107057842
13.cooking,Sub159,0.107048248
4.age,Sub214,0.106982306
13.photography,Sub218,0.106931414
11.CGPA,Sub164,0.106913303
6.weight,Sub221,0.1068421
7.qualification,Sub147,0.106536732
7.qualification,Sub146,0.10653524
7.qualification,Sub83,0.106535239
13.travelling,Sub193,0.106456102
13.online shopping,Sub206,0.106420715
13.music,Sub47,0.106211639
13.starchaaser,Sub168,0.106114144
13.skincare,Sub180,0.106093801
11.CGPA,Sub225,0.105949929
2.Frequency,Sub238,0.105924502
9.status,Sub199,0.105876942
13.starchaaser,Sub200,0.105876018
9.status,Sub231,0.105780599
8.living area,Sub228,0.105579203
13.technology,Sub65,0.105388652
13.online shopping,Sub5,0.105350743
13.starchaaser,Sub235,0.105266867
13.painting or calligraphy,Sub147,0.105153813
13.keep pets,Sub172,0.105068455
13.collection,Sub130,0.104845992
13.automobile,Sub71,0.10472288
13.skincare,Sub169,0.104700508
13.skincare,Sub169,0.104700508
13.technology,Sub162,0.104577732
13.automobile,Sub137,0.104491017
13.dancing,Sub153,0.104480093
13.photography,Sub28,0.104326067
13.personal finance,Sub212,0.104302482
13.cooking,Sub26,0.104296368
11.CGPA,Sub146,0.104250064
11.CGPA,Sub83,0.104250063
13.personal finance,Sub214,0.104205725
13.movie,Sub121,0.104182421
7.qualification,Sub51,0.104169485
11.CGPA,Sub145,0.104015205
2.Frequency,Sub158,0.103838773
13.photography,Sub185,0.103563228
13.skincare,Sub145,0.103477107
13.skincare,Sub145,0.103477107
4.age,Sub30,0.103460151
13.starchaaser,Sub30,0.103453254
13.dancing,Sub122,0.103445796
13.personal finance,Sub230,0.103385608
13.cooking,Sub235,0.103332012
13.skincare,Sub209,0.103276195
13.skincare,Sub83,0.103094264
13.skincare,Sub83,0.103094264
13.skincare,Sub83,0.103094264
13.skincare,Sub83,0.103094264
13.starchaaser,Sub206,0.103077765
13.DIY,Sub65,0.102996889
13.TV series,Sub228,0.102900803
4.age,Sub136,0.102750231
13.DIY,Sub59,0.102710206
13.starchaaser,Sub154,0.102513123
13.music,Sub220,0.102423313
6.weight,Sub179,0.102275713
13.game,Sub239,0.10222987
13.DIY,Sub182,0.102196366
13.starchaaser,Sub212,0.102122742
13.music,Sub226,0.101890198
13.starchaaser,Sub164,0.101800327
4.age,Sub137,0.101772833
13.photography,Sub147,0.101770809
11.CGPA,Sub219,0.101731931
12.monthly expenditure,Sub161,0.101721342
9.status,Sub30,0.10166814
13.personal finance,Sub130,0.101638892
8.living area,Sub30,0.101549414
13.photography,Sub205,0.101512115
13.dancing,Sub238,0.101484727
5.height,Sub239,0.101402814
13.personal finance,Sub124,0.101359368
4.age,Sub229,0.101263281
4.age,Sub229,0.101263281
7.qualification,Sub215,0.101230651
13.music,Sub169,0.101219508
13.game,Sub19,0.10120567
13.cooking,Sub30,0.101205276
13.skincare,Sub227,0.101203055
13.photography,Sub17,0.10118706
4.age,Sub230,0.101139917
13.starchaaser,Sub160,0.101031486
13.collection,Sub195,0.100977466
13.dancing,Sub214,0.100880873
13.keep pets,Sub236,0.100875694
13.skincare,Sub147,0.100788979
13.music,Sub216,0.100761676
13.music,Sub164,0.100693735
13.keep pets,Sub200,0.100675642
2.Frequency,Sub32,0.100652288
2.Frequency,Sub168,0.100615516
13.travelling,Sub121,0.100581775
6.weight,Sub180,0.100465544
13.travelling,Sub235,0.100208098
13.sports,Sub205,0.099838238
5.height,Sub5,0.099751792
12.monthly expenditure,Sub237,0.0997393
8.living area,Sub26,0.099597036
13.sports,Sub237,0.099479664
13.dancing,Sub208,0.099404802
7.qualification,Sub168,0.099367842
13.travelling,Sub205,0.099306088
13.DIY,Sub95,0.099283596
8.living area,Sub32,0.099271952
6.weight,Sub203,0.099090809
13.photography,Sub208,0.098998161
13.skincare,Sub178,0.09897794
4.age,Sub157,0.098977898
13.starchaaser,Sub203,0.09897163
13.music,Sub195,0.098541412
13.photography,Sub85,0.098524948
13.sports,Sub172,0.098506003
13.technology,Sub236,0.098269262
8.living area,Sub231,0.09823849
13.music,Sub239,0.098221202
13.music,Sub127,0.098214548
2.Frequency,Sub156,0.098116948
13.painting or calligraphy,Sub208,0.098107686
13.sports,Sub21,0.098028421
13.DIY,Sub213,0.097811788
3.gender,Sub130,0.097722421
9.status,Sub212,0.097655978
13.dancing,Sub169,0.097633727
4.age,Sub121,0.097597994
13.sports,Sub75,0.097526844
11.CGPA,Sub47,0.097439939
13.DIY,Sub227,0.097386184
13.painting or calligraphy,Sub200,0.097385929
13.online shopping,Sub233,0.09738293
5.height,Sub22,0.097269752
13.DIY,Sub208,0.097120284
6.weight,Sub218,0.097037739
13.online shopping,Sub171,0.096870584
13.technology,Sub27,0.096819914
13.anime,Sub208,0.096801905
12.monthly expenditure,Sub238,0.096794811
13.dancing,Sub231,0.096785185
8.living area,Sub5,0.09677511
9.status,Sub127,0.096722542
13.skincare,Sub136,0.096675064
4.age,Sub232,0.096546157
6.weight,Sub236,0.096474254
13.personal finance,Sub21,0.096414388
13.personal finance,Sub221,0.096262395
11.CGPA,Sub213,0.096221602
13.photography,Sub225,0.096023141
7.qualification,Sub29,0.095980933
13.automobile,Sub220,0.095893482
13.dancing,Sub37,0.095734451
13.skincare,Sub33,0.095703715
2.Frequency,Sub172,0.095660044
13.travelling,Sub183,0.095636637
13.movie,Sub185,0.095583975
6.weight,Sub238,0.095565851
13.skincare,Sub204,0.095359859
13.photography,Sub179,0.09531399
13.personal finance,Sub193,0.095157725
13.sports,Sub193,0.095084781
13.music,Sub200,0.095075845
13.keep pets,Sub65,0.09507393
13.movie,Sub26,0.095043387
4.age,Sub201,0.095037677
13.painting or calligraphy,Sub59,0.094999444
13.cooking,Sub221,0.094999081
13.collection,Sub86,0.094972083
13.personal finance,Sub37,0.094957651
6.weight,Sub229,0.094946956
13.painting or calligraphy,Sub20,0.094856381
13.collection,Sub24,0.094689375
13.online shopping,Sub205,0.094670611
13.automobile,Sub193,0.094627834
13.movie,Sub17,0.094588729
13.sports,Sub178,0.09457421
13.game,Sub158,0.09435391
13.keep pets,Sub238,0.094265518
9.status,Sub232,0.094196035
11.CGPA,Sub124,0.094141707
13.travelling,Sub238,0.094114774
13.keep pets,Sub231,0.093790777
13.personal finance,Sub22,0.093771583
13.skincare,Sub237,0.093593275
13.dancing,Sub228,0.093519642
8.living area,Sub219,0.093444865
8.living area,Sub28,0.09338767
13.TV series,Sub210,0.093207803
13.dancing,Sub216,0.093184166
6.weight,Sub168,0.093128351
13.skincare,Sub213,0.092915062
13.sports,Sub173,0.092874596
13.personal finance,Sub28,0.092795801
13.cooking,Sub153,0.092783936
9.status,Sub76,0.092701814
13.starchaaser,Sub124,0.092573149
13.painting or calligraphy,Sub198,0.092479946
13.online shopping,Sub138,0.092159166
4.age,Sub184,0.091800839
13.photography,Sub226,0.091766956
13.movie,Sub172,0.091732936
13.DIY,Sub156,0.091707547
12.monthly expenditure,Sub156,0.091659644
13.dancing,Sub24,0.091533363
13.music,Sub172,0.091516587
8.living area,Sub33,0.091476049
13.technology,Sub161,0.091469756
13.DIY,Sub1,0.091442115
13.sports,Sub195,0.091233092
4.age,Sub220,0.091027689
4.age,Sub220,0.091027689
6.weight,Sub230,0.090987943
13.skincare,Sub203,0.090973151
13.keep pets,Sub193,0.090970012
4.age,Sub239,0.090863823
13.TV series,Sub201,0.090796267
13.sports,Sub220,0.090777482
13.photography,Sub71,0.090750918
13.painting or calligraphy,Sub220,0.090703253
13.music,Sub225,0.090643933
2.Frequency,Sub200,0.090442591
13.music,Sub209,0.090372558
13.personal finance,Sub86,0.090363571
13.starchaaser,Sub169,0.090351191
6.weight,Sub47,0.090340018
13.travelling,Sub212,0.090334937
13.personal finance,Sub178,0.09031206
12.monthly expenditure,Sub222,0.090295741
13.anime,Sub71,0.09028737
8.living area,Sub184,0.090284964
9.status,Sub225,0.090253386
9.status,Sub122,0.090134654
6.weight,Sub37,0.090026653
8.living area,Sub25,0.089972489
13.keep pets,Sub47,0.089861556
13.dancing,Sub21,0.089776293
2.Frequency,Sub76,0.089742795
13.anime,Sub178,0.089623594
13.music,Sub185,0.089595333
11.CGPA,Sub201,0.089531222
13.starchaaser,Sub231,0.089467743
13.automobile,Sub201,0.089458111
4.age,Sub154,0.089436798
13.painting or calligraphy,Sub224,0.089384109
13.movie,Sub237,0.089338067
13.photography,Sub232,0.089304898
7.qualification,Sub130,0.089279723
13.movie,Sub51,0.089139679
13.photography,Sub159,0.089109139
13.skincare,Sub32,0.089093136
12.monthly expenditure,Sub147,0.08904034
4.age,Sub86,0.088921368
13.movie,Sub30,0.088898699
13.game,Sub219,0.088837803
7.qualification,Sub238,0.088757344
5.height,Sub51,0.088673511
13.photography,Sub230,0.088443623
13.travelling,Sub237,0.088433459
13.collection,Sub21,0.088412459
13.collection,Sub154,0.088267081
13.automobile,Sub130,0.088223902
13.starchaaser,Sub232,0.0881061
13.TV series,Sub21,0.088087598
12.monthly expenditure,Sub83,0.087986959
12.monthly expenditure,Sub83,0.087986959
13.sports,Sub76,0.087974819
13.automobile,Sub172,0.087807319
13.TV series,Sub229,0.087698521
13.DIY,Sub199,0.087581646
13.painting or calligraphy,Sub179,0.087432406
13.skincare,Sub130,0.087391272
12.monthly expenditure,Sub145,0.087321453
11.CGPA,Sub65,0.087171534
13.painting or calligraphy,Sub154,0.087167489
13.photography,Sub235,0.086949994
13.movie,Sub176,0.086920388
13.starchaaser,Sub195,0.086811044
13.automobile,Sub59,0.08678305
13.online shopping,Sub164,0.086779902
12.monthly expenditure,Sub201,0.086662374
4.age,Sub168,0.086632337
6.weight,Sub5,0.086618559
13.music,Sub29,0.086613122
13.movie,Sub164,0.086464201
5.height,Sub209,0.086399174
13.personal finance,Sub236,0.086376372
13.technology,Sub168,0.086321582
13.DIY,Sub127,0.086272536
13.online shopping,Sub182,0.086238666
13.TV series,Sub153,0.08613726
13.dancing,Sub212,0.085933754
13.skincare,Sub182,0.085788185
13.music,Sub182,0.085762274
13.cooking,Sub20,0.085233993
4.age,Sub226,0.085231243
4.age,Sub235,0.08520504
13.starchaaser,Sub220,0.084814355
4.age,Sub20,0.084778486
8.living area,Sub161,0.08475895
13.DIY,Sub159,0.08475792
3.gender,Sub164,0.084606186
13.anime,Sub213,0.084606135
5.height,Sub199,0.084439781
4.age,Sub162,0.084431933
4.age,Sub159,0.084337687
9.status,Sub51,0.084330154
13.sports,Sub24,0.084176846
13.movie,Sub173,0.084130796
13.painting or calligraphy,Sub21,0.084007979
7.qualification,Sub27,0.083996513
13.automobile,Sub228,0.08391874
13.online shopping,Sub226,0.083691397
13.game,Sub85,0.083669599
13.personal finance,Sub179,0.083577885
11.CGPA,Sub152,0.083236927
2.Frequency,Sub213,0.083219102
13.automobile,Sub27,0.083153625
11.CGPA,Sub156,0.083095971
13.music,Sub237,0.083050898
5.height,Sub203,0.082921901
13.sports,Sub224,0.082802246
13.music,Sub51,0.082678613
11.CGPA,Sub130,0.082667276
13.skincare,Sub164,0.082667083
13.starchaaser,Sub33,0.082587418
13.keep pets,Sub220,0.082551764
5.height,Sub207,0.082549622
11.CGPA,Sub227,0.082541275
13.game,Sub21,0.082503837
13.cooking,Sub182,0.082487073
13.automobile,Sub222,0.082465295
7.qualification,Sub26,0.082294371
13.movie,Sub200,0.082281303
13.automobile,Sub231,0.082174861
13.automobile,Sub147,0.082148476
3.gender,Sub25,0.081924596
13.cooking,Sub71,0.081893015
13.movie,Sub207,0.081726384
13.online shopping,Sub224,0.08157926
13.photography,Sub227,0.081496222
6.weight,Sub22,0.08143339
13.keep pets,Sub59,0.081411609
13.automobile,Sub235,0.081350539
13.starchaaser,Sub199,0.081316255
13.automobile,Sub51,0.081314382
11.CGPA,Sub198,0.0813102
13.game,Sub225,0.081307317
13.photography,Sub37,0.081125255
6.weight,Sub195,0.081113767
13.painting or calligraphy,Sub218,0.081066209
13.personal finance,Sub218,0.081045582
13.photography,Sub203,0.081001835
6.weight,Sub156,0.080972012
5.height,Sub159,0.080964842
13.TV series,Sub161,0.080863724
11.CGPA,Sub138,0.080759785
13.keep pets,Sub230,0.080758367
5.height,Sub208,0.080672968
6.weight,Sub201,0.080635893
13.cooking,Sub157,0.080512079
13.TV series,Sub236,0.080482722
13.travelling,Sub161,0.080413469
6.weight,Sub30,0.080357321
13.travelling,Sub26,0.080347546
12.monthly expenditure,Sub160,0.080206736
3.gender,Sub71,0.080082129
13.dancing,Sub32,0.080051501
3.gender,Sub231,0.079895248
9.status,Sub201,0.079880316
13.dancing,Sub51,0.079688703
13.cooking,Sub27,0.079687802
3.gender,Sub215,0.079612069
12.monthly expenditure,Sub204,0.079577401
13.online shopping,Sub85,0.079538989
4.age,Sub22,0.079512128
13.movie,Sub29,0.079474341
13.travelling,Sub126,0.07945757
13.cooking,Sub227,0.079409233
13.photography,Sub176,0.079405685
4.age,Sub25,0.0793103
13.personal finance,Sub157,0.079261221
11.CGPA,Sub75,0.0789755
13.sports,Sub20,0.078951263
12.monthly expenditure,Sub182,0.078738883
13.dancing,Sub162,0.078614549
13.dancing,Sub235,0.078578717
5.height,Sub164,0.078468396
13.music,Sub130,0.078429413
13.painting or calligraphy,Sub32,0.07836576
7.qualification,Sub230,0.078325016
12.monthly expenditure,Sub152,0.078286008
13.painting or calligraphy,Sub178,0.078223902
13.personal finance,Sub229,0.07814161
4.age,Sub26,0.078128712
9.status,Sub207,0.078075201
13.music,Sub208,0.078027247
7.qualification,Sub136,0.078018581
13.online shopping,Sub173,0.077880189
13.technology,Sub179,0.077755819
13.automobile,Sub145,0.077698138
8.living area,Sub182,0.07766281
13.travelling,Sub210,0.077643868
13.collection,Sub124,0.077543779
13.painting or calligraphy,Sub237,0.077538143
13.technology,Sub169,0.077487386
7.qualification,Sub31,0.077316959
13.cooking,Sub171,0.077313971
13.painting or calligraphy,Sub233,0.077100962
4.age,Sub224,0.076989841
13.dancing,Sub237,0.076960901
13.sports,Sub28,0.076726351
13.photography,Sub201,0.076678897
13.collection,Sub161,0.076665492
13.photography,Sub25,0.076587383
13.game,Sub51,0.076576984
13.dancing,Sub178,0.07651634
13.anime,Sub231,0.076501847
3.gender,Sub85,0.076266425
13.DIY,Sub158,0.076260072
2.Frequency,Sub47,0.076225945
13.movie,Sub183,0.076193543
13.dancing,Sub215,0.07600108
13.sports,Sub199,0.075919429
12.monthly expenditure,Sub75,0.075864114
13.anime,Sub95,0.075837112
13.DIY,Sub171,0.075828175
11.CGPA,Sub183,0.075636679
13.online shopping,Sub30,0.075635719
13.game,Sub162,0.075607004
13.sports,Sub176,0.075486186
12.monthly expenditure,Sub28,0.07544919
7.qualification,Sub228,0.075441577
13.automobile,Sub208,0.075437909
13.collection,Sub95,0.07538741
13.movie,Sub137,0.075231591
12.monthly expenditure,Sub203,0.075099815
4.age,Sub208,0.075091407
12.monthly expenditure,Sub158,0.075085801
13.automobile,Sub168,0.075029689
12.monthly expenditure,Sub214,0.075018831
13.anime,Sub21,0.074986425
12.monthly expenditure,Sub122,0.074905297
11.CGPA,Sub182,0.074833382
13.DIY,Sub37,0.074744346
5.height,Sub205,0.074623303
13.cooking,Sub137,0.07448877
13.DIY,Sub168,0.074456541
13.automobile,Sub154,0.074435208
13.starchaaser,Sub76,0.074342497
13.painting or calligraphy,Sub170,0.074340061
13.anime,Sub180,0.074199043
13.painting or calligraphy,Sub227,0.074162114
13.dancing,Sub20,0.074144096
13.dancing,Sub220,0.074136954
13.TV series,Sub182,0.074130357
13.movie,Sub239,0.073988866
4.age,Sub138,0.073980469
13.cooking,Sub199,0.073931749
13.DIY,Sub145,0.073912219
13.dancing,Sub227,0.07386886
13.sports,Sub156,0.073797264
13.music,Sub230,0.073790232
12.monthly expenditure,Sub85,0.073751342
13.DIY,Sub83,0.07363876
13.DIY,Sub83,0.07363876
11.CGPA,Sub206,0.073614116
13.automobile,Sub83,0.073506826
13.automobile,Sub83,0.073506826
13.automobile,Sub214,0.073472293
13.online shopping,Sub137,0.073404744
13.personal finance,Sub162,0.07330235
13.personal finance,Sub232,0.073263222
8.living area,Sub76,0.073257379
13.technology,Sub238,0.073241962
13.sports,Sub47,0.073231223
6.weight,Sub178,0.073185229
13.painting or calligraphy,Sub51,0.073125117
12.monthly expenditure,Sub209,0.072934095
13.cooking,Sub47,0.072915617
13.music,Sub170,0.072897964
13.collection,Sub158,0.072776152
13.skincare,Sub71,0.07269993
13.dancing,Sub180,0.072661515
13.technology,Sub1,0.072617211
4.age,Sub205,0.072489137
13.automobile,Sub218,0.072437948
13.skincare,Sub201,0.072236274
13.skincare,Sub231,0.071956092
13.TV series,Sub29,0.071904171
13.game,Sub227,0.071901532
13.movie,Sub212,0.071867536
13.keep pets,Sub232,0.071801146
13.travelling,Sub24,0.071777818
13.travelling,Sub221,0.071752796
13.technology,Sub178,0.071695922
13.collection,Sub159,0.071684551
2.Frequency,Sub126,0.071670279
13.collection,Sub76,0.071647805
13.movie,Sub156,0.071614753
13.travelling,Sub233,0.071468866
13.sports,Sub180,0.071384057
13.dancing,Sub160,0.071272101
11.CGPA,Sub162,0.071260792
13.sports,Sub210,0.071222819
13.sports,Sub170,0.071110193
13.collection,Sub221,0.071091241
13.online shopping,Sub31,0.070887197
13.painting or calligraphy,Sub137,0.070873718
13.painting or calligraphy,Sub205,0.070853677
13.TV series,Sub31,0.070813991
13.dancing,Sub183,0.070718444
13.game,Sub233,0.070709485
13.TV series,Sub173,0.070573106
13.painting or calligraphy,Sub33,0.070395495
13.personal finance,Sub159,0.070376106
13.technology,Sub172,0.070353513
13.skincare,Sub221,0.070345076
13.travelling,Sub145,0.070344633
4.age,Sub225,0.070247702
4.age,Sub225,0.070247702
13.travelling,Sub147,0.070190696
13.dancing,Sub33,0.070144897
13.sports,Sub159,0.070013418
4.age,Sub233,0.070008454
4.age,Sub233,0.070008454
13.online shopping,Sub209,0.069943237
13.dancing,Sub219,0.069878174
12.monthly expenditure,Sub236,0.069818409
5.height,Sub21,0.069794039
4.age,Sub153,0.069722734
13.technology,Sub208,0.069673096
6.weight,Sub199,0.069435507
13.travelling,Sub83,0.069403761
13.travelling,Sub146,0.06940376
13.cooking,Sub162,0.069358653
13.painting or calligraphy,Sub71,0.069296189
13.travelling,Sub137,0.069250584
11.CGPA,Sub226,0.069141322
2.Frequency,Sub5,0.069052169
2.Frequency,Sub5,0.069052169
13.music,Sub153,0.068736728
12.monthly expenditure,Sub200,0.068605247
13.game,Sub222,0.068602188
4.age,Sub206,0.06819212
13.photography,Sub182,0.068173231
3.gender,Sub229,0.068087215
13.music,Sub59,0.067975309
13.collection,Sub219,0.06786479
13.dancing,Sub136,0.067821561
4.age,Sub199,0.067794849
13.dancing,Sub226,0.067683523
13.skincare,Sub193,0.06764739
13.automobile,Sub199,0.067640336
13.automobile,Sub209,0.067626431
13.cooking,Sub172,0.067570747
13.starchaaser,Sub32,0.067530399
13.movie,Sub152,0.067407316
13.personal finance,Sub17,0.06733651
13.TV series,Sub221,0.06724716
4.age,Sub71,0.067229613
13.painting or calligraphy,Sub215,0.067211275
5.height,Sub222,0.067110719
13.photography,Sub180,0.06703573
4.age,Sub203,0.066896903
13.sports,Sub179,0.066848833
13.DIY,Sub239,0.066750358
13.music,Sub20,0.066724442
13.movie,Sub158,0.066579182
13.cooking,Sub185,0.066570238
6.weight,Sub154,0.066569393
13.keep pets,Sub26,0.066509366
9.status,Sub220,0.066302904
13.keep pets,Sub176,0.066278446
7.qualification,Sub122,0.06616951
7.qualification,Sub185,0.066109018
13.technology,Sub185,0.06593184
9.status,Sub65,0.06590876
11.CGPA,Sub210,0.065899621
4.age,Sub126,0.065778853
13.painting or calligraphy,Sub138,0.065718704
13.travelling,Sub198,0.065655581
13.painting or calligraphy,Sub173,0.065570595
9.status,Sub5,0.065484079
9.status,Sub5,0.065484079
9.status,Sub5,0.065484079
9.status,Sub5,0.065484079
9.status,Sub5,0.065484079
13.cooking,Sub208,0.065475769
4.age,Sub180,0.065380625
13.personal finance,Sub172,0.065215212
13.photography,Sub178,0.065199637
5.height,Sub185,0.064992795
5.height,Sub136,0.064928614
13.keep pets,Sub137,0.064805862
13.game,Sub204,0.064761956
13.automobile,Sub28,0.064692761
13.movie,Sub65,0.064675543
13.keep pets,Sub161,0.064622074
13.automobile,Sub239,0.064614364
13.automobile,Sub229,0.064599362
13.music,Sub159,0.064471014
12.monthly expenditure,Sub159,0.064370461
8.living area,Sub225,0.06434431
13.collection,Sub214,0.064227306
13.collection,Sub164,0.064224906
13.movie,Sub238,0.064192951
13.movie,Sub126,0.064136778
13.starchaaser,Sub171,0.0639664
13.cooking,Sub237,0.063952228
13.game,Sub229,0.06385297
13.photography,Sub231,0.063793567
13.photography,Sub207,0.06374917
13.DIY,Sub237,0.063740267
4.age,Sub24,0.063662131
13.keep pets,Sub124,0.063541688
13.music,Sub86,0.063385155
2.Frequency,Sub227,0.0633743
8.living area,Sub85,0.06335881
12.monthly expenditure,Sub231,0.063310522
3.gender,Sub193,0.06329028
4.age,Sub200,0.063278615
13.personal finance,Sub231,0.063165465
9.status,Sub32,0.063085243
13.collection,Sub215,0.062765014
7.qualification,Sub176,0.062736425
13.sports,Sub59,0.06270012
13.game,Sub138,0.062691947
5.height,Sub29,0.062627698
13.movie,Sub154,0.062574601
13.technology,Sub37,0.062571146
8.living area,Sub59,0.062507001
13.skincare,Sub122,0.062475805
6.weight,Sub239,0.062420161
13.photography,Sub199,0.062401764
11.CGPA,Sub239,0.062312827
13.skincare,Sub184,0.062244761
6.weight,Sub71,0.062240127
3.gender,Sub239,0.06220252
13.photography,Sub204,0.062172246
13.travelling,Sub75,0.062085517
12.monthly expenditure,Sub95,0.062038771
13.cooking,Sub59,0.061994097
13.automobile,Sub24,0.061974048
13.personal finance,Sub152,0.061960476
13.painting or calligraphy,Sub95,0.061949026
13.personal finance,Sub216,0.061607022
13.technology,Sub153,0.06153629
12.monthly expenditure,Sub21,0.061519584
8.living area,Sub138,0.061456113
13.skincare,Sub5,0.061429512
13.skincare,Sub5,0.061429512
13.skincare,Sub5,0.061429512
13.skincare,Sub5,0.061429512
13.skincare,Sub5,0.061429512
13.skincare,Sub5,0.061429512
11.CGPA,Sub19,0.06135765
13.automobile,Sub157,0.06129184
13.travelling,Sub215,0.061199273
13.online shopping,Sub25,0.061152855
13.collection,Sub231,0.061075017
4.age,Sub37,0.061054335
13.personal finance,Sub31,0.061009778
8.living area,Sub19,0.060981576
11.CGPA,Sub216,0.060686052
13.painting or calligraphy,Sub164,0.060622351
13.travelling,Sub159,0.060555831
13.dancing,Sub168,0.06046416
13.personal finance,Sub1,0.06045686
13.anime,Sub236,0.060256903
13.collection,Sub232,0.060256136
13.online shopping,Sub1,0.060162988
13.cooking,Sub22,0.060019872
13.movie,Sub199,0.059990926
13.DIY,Sub51,0.059987929
13.dancing,Sub195,0.059970115
13.automobile,Sub183,0.05991141
13.keep pets,Sub233,0.05985989
3.gender,Sub75,0.059832185
8.living area,Sub208,0.059818729
13.music,Sub126,0.05978335
13.painting or calligraphy,Sub22,0.059750553
13.DIY,Sub230,0.059683176
12.monthly expenditure,Sub199,0.059658717
13.online shopping,Sub127,0.05964751
4.age,Sub228,0.059598877
7.qualification,Sub154,0.059597531
13.skincare,Sub21,0.059531945
13.automobile,Sub85,0.059402426
13.music,Sub122,0.059390396
9.status,Sub157,0.059335145
13.technology,Sub30,0.059293113
13.game,Sub218,0.059256777
13.sports,Sub22,0.059104697
8.living area,Sub216,0.059071348
13.painting or calligraphy,Sub37,0.059056741
13.movie,Sub76,0.059021762
7.qualification,Sub213,0.059011455
12.monthly expenditure,Sub127,0.058965262
4.age,Sub127,0.058920928
4.age,Sub127,0.058920928
13.TV series,Sub59,0.05890391
11.CGPA,Sub33,0.05879181
6.weight,Sub59,0.058662811
13.automobile,Sub230,0.05855914
12.monthly expenditure,Sub183,0.058381699
13.sports,Sub206,0.058377255
13.collection,Sub75,0.058339134
13.skincare,Sub127,0.058260473
13.automobile,Sub162,0.058052129
13.painting or calligraphy,Sub195,0.058023781
13.online shopping,Sub218,0.057976218
13.movie,Sub214,0.057891175
9.status,Sub215,0.057890074
5.height,Sub59,0.057867249
4.age,Sub222,0.057759039
4.age,Sub222,0.057759039
13.collection,Sub152,0.057686979
13.automobile,Sub159,0.057672521
9.status,Sub198,0.057577579
13.cooking,Sub193,0.057470117
13.keep pets,Sub171,0.057329085
13.dancing,Sub75,0.057316409
13.dancing,Sub19,0.057283315
7.qualification,Sub24,0.05723425
13.sports,Sub126,0.057046385
13.keep pets,Sub224,0.056960664
4.age,Sub51,0.056952934
13.online shopping,Sub229,0.056915039
13.photography,Sub193,0.056837517
13.keep pets,Sub154,0.056834458
9.status,Sub33,0.056827757
13.photography,Sub137,0.056747807
13.travelling,Sub28,0.056714599
12.monthly expenditure,Sub232,0.056545049
13.technology,Sub71,0.056430337
13.sports,Sub31,0.056376939
13.sports,Sub157,0.056344575
13.travelling,Sub206,0.056324772
13.starchaaser,Sub127,0.056299146
13.travelling,Sub230,0.056232425
13.starchaaser,Sub205,0.056219728
13.personal finance,Sub228,0.05621558
11.CGPA,Sub159,0.056190944
6.weight,Sub182,0.056180544
13.automobile,Sub1,0.056140028
13.anime,Sub127,0.056126667
13.painting or calligraphy,Sub156,0.056074116
2.Frequency,Sub164,0.056069048
13.music,Sub154,0.05601341
7.qualification,Sub162,0.055740663
13.photography,Sub156,0.055660941
13.music,Sub65,0.055546315
13.starchaaser,Sub185,0.055519111
13.personal finance,Sub59,0.055480056
13.technology,Sub164,0.055272647
13.cooking,Sub210,0.055057937
13.DIY,Sub198,0.055024333
5.height,Sub216,0.05499248
4.age,Sub204,0.054808291
8.living area,Sub183,0.054713008
12.monthly expenditure,Sub22,0.054694015
13.technology,Sub230,0.054642076
13.movie,Sub85,0.054430058
7.qualification,Sub95,0.054429425
13.anime,Sub233,0.054349903
4.age,Sub216,0.054264727
13.movie,Sub20,0.054196633
13.TV series,Sub27,0.054163273
13.music,Sub168,0.0541025
13.TV series,Sub33,0.054047607
13.painting or calligraphy,Sub216,0.054034909
13.sports,Sub51,0.053949172
13.DIY,Sub209,0.053887376
9.status,Sub86,0.053803853
11.CGPA,Sub224,0.053773358
11.CGPA,Sub59,0.053603046
13.automobile,Sub158,0.05328429
13.photography,Sub206,0.053203644
13.movie,Sub215,0.053151861
13.automobile,Sub75,0.053139019
13.painting or calligraphy,Sub221,0.053110088
13.DIY,Sub185,0.053020575
13.starchaaser,Sub5,0.053010531
13.starchaaser,Sub5,0.053010531
4.age,Sub170,0.052984342
13.photography,Sub195,0.052951013
13.personal finance,Sub180,0.052810363
11.CGPA,Sub158,0.052787569
13.anime,Sub201,0.052747367
13.starchaaser,Sub198,0.05268757
13.automobile,Sub126,0.052616492
13.DIY,Sub147,0.052590822
13.photography,Sub24,0.052421131
13.DIY,Sub231,0.052375377
13.personal finance,Sub32,0.052345267
13.photography,Sub76,0.052098035
3.gender,Sub138,0.052090003
13.skincare,Sub29,0.05200888
4.age,Sub227,0.051985263
4.age,Sub227,0.051985263
13.keep pets,Sub71,0.051977917
13.online shopping,Sub210,0.051954039
13.travelling,Sub236,0.051725695
13.automobile,Sub195,0.051472146
7.qualification,Sub37,0.051471285
13.DIY,Sub86,0.051455441
13.TV series,Sub193,0.051322066
13.personal finance,Sub185,0.051299497
13.cooking,Sub164,0.051285232
13.online shopping,Sub47,0.051264501
13.DIY,Sub157,0.05117872
8.living area,Sub236,0.05117845
13.keep pets,Sub24,0.051170567
13.personal finance,Sub121,0.051055341
13.collection,Sub230,0.050992856
13.collection,Sub157,0.05094548
12.monthly expenditure,Sub213,0.050905352
11.CGPA,Sub21,0.050890631
13.sports,Sub239,0.050874698
7.qualification,Sub179,0.050784776
13.cooking,Sub216,0.050781016
13.technology,Sub214,0.050747833
3.gender,Sub222,0.05069032
13.photography,Sub29,0.050637862
5.height,Sub26,0.050446068
13.automobile,Sub127,0.050441123
13.painting or calligraphy,Sub127,0.050344288
13.sports,Sub154,0.050324863
6.weight,Sub209,0.050315374
11.CGPA,Sub136,0.050283908
13.technology,Sub51,0.050282852
13.sports,Sub228,0.050247001
7.qualification,Sub158,0.050230126
9.status,Sub227,0.050204505
13.automobile,Sub30,0.050194409
13.automobile,Sub204,0.050073374
13.painting or calligraphy,Sub230,0.05007069
12.monthly expenditure,Sub126,0.049977335
13.travelling,Sub124,0.049936653
13.automobile,Sub156,0.049827687
13.cooking,Sub158,0.049554539
13.photography,Sub27,0.049503328
13.photography,Sub33,0.049442333
13.keep pets,Sub199,0.049419383
4.age,Sub152,0.049417172
13.photography,Sub200,0.049357767
13.technology,Sub228,0.049333536
13.online shopping,Sub199,0.049298281
13.movie,Sub157,0.049289866
13.automobile,Sub205,0.049251012
13.travelling,Sub204,0.049157435
13.personal finance,Sub169,0.049071963
13.cooking,Sub173,0.049042311
4.age,Sub178,0.049012683
4.age,Sub178,0.049012683
4.age,Sub185,0.0489885
4.age,Sub185,0.0489885
13.starchaaser,Sub157,0.048842453
13.automobile,Sub184,0.048774222
13.TV series,Sub231,0.048748768
13.keep pets,Sub28,0.048708979
13.music,Sub136,0.048629759
13.sports,Sub214,0.048529076
4.age,Sub179,0.048383933
13.game,Sub236,0.048364207
13.keep pets,Sub33,0.04827416
6.weight,Sub160,0.04823877
13.DIY,Sub32,0.048198055
13.painting or calligraphy,Sub232,0.048183933
13.skincare,Sub85,0.048179439
13.music,Sub207,0.048160041
13.starchaaser,Sub221,0.048145245
9.status,Sub1,0.047916565
7.qualification,Sub239,0.047770437
2.Frequency,Sub212,0.04771106
13.automobile,Sub152,0.047667182
13.keep pets,Sub168,0.047656053
13.automobile,Sub25,0.047563657
8.living area,Sub159,0.047468661
13.photography,Sub233,0.047371584
13.automobile,Sub170,0.047360502
13.automobile,Sub171,0.047356
13.sports,Sub185,0.047334065
6.weight,Sub21,0.047317744
11.CGPA,Sub32,0.047221732
13.travelling,Sub86,0.047204267
13.TV series,Sub32,0.04699913
12.monthly expenditure,Sub215,0.046938303
13.travelling,Sub170,0.046884155
13.collection,Sub208,0.046860168
13.TV series,Sub24,0.046759882
2.Frequency,Sub162,0.046657741
13.personal finance,Sub210,0.046643364
13.game,Sub159,0.046584441
13.collection,Sub65,0.046566408
8.living area,Sub229,0.046525941
13.automobile,Sub124,0.046469
11.CGPA,Sub237,0.046134387
7.qualification,Sub171,0.046131047
6.weight,Sub124,0.046064424
13.music,Sub158,0.045933575
5.height,Sub152,0.045911241
11.CGPA,Sub185,0.045875273
6.weight,Sub212,0.045786007
13.anime,Sub184,0.045673883
13.personal finance,Sub164,0.045513225
4.age,Sub198,0.045495986
13.music,Sub210,0.045490859
13.keep pets,Sub185,0.045447035
13.travelling,Sub71,0.045439875
13.music,Sub161,0.045425659
13.skincare,Sub124,0.045422727
13.TV series,Sub227,0.045383864
13.keep pets,Sub215,0.045226911
13.online shopping,Sub222,0.045141977
13.anime,Sub130,0.045103236
13.personal finance,Sub122,0.045097836
13.personal finance,Sub195,0.04508827
11.CGPA,Sub85,0.045058497
13.painting or calligraphy,Sub24,0.045038998
13.DIY,Sub33,0.044952147
13.personal finance,Sub71,0.044942773
13.game,Sub205,0.044823057
11.CGPA,Sub218,0.044741135
11.CGPA,Sub22,0.044708979
13.keep pets,Sub32,0.044656922
13.photography,Sub75,0.044468054
13.keep pets,Sub216,0.044383564
13.starchaaser,Sub201,0.044368375
13.travelling,Sub130,0.044304978
13.travelling,Sub153,0.044037675
13.DIY,Sub5,0.043878223
13.DIY,Sub5,0.043878223
3.gender,Sub21,0.043795296
5.height,Sub138,0.043764896
12.monthly expenditure,Sub164,0.043730656
13.DIY,Sub224,0.043721158
2.Frequency,Sub199,0.043688743
9.status,Sub213,0.043647523
13.photography,Sub157,0.04361028
2.Frequency,Sub201,0.043587444
13.cooking,Sub29,0.043508842
6.weight,Sub152,0.04350878
13.music,Sub160,0.043313282
3.gender,Sub185,0.043169179
5.height,Sub215,0.043029234
8.living area,Sub152,0.042989098
13.personal finance,Sub83,0.042935238
13.personal finance,Sub146,0.042935237
13.keep pets,Sub29,0.042877475
7.qualification,Sub65,0.042776371
13.sports,Sub37,0.042759171
13.technology,Sub28,0.042752238
8.living area,Sub122,0.042671042
13.automobile,Sub31,0.042647541
13.photography,Sub136,0.042518201
13.automobile,Sub219,0.042513458
8.living area,Sub1,0.04241584
13.technology,Sub31,0.042345581
11.CGPA,Sub5,0.042183385
6.weight,Sub159,0.042167279
13.personal finance,Sub147,0.042134783
9.status,Sub209,0.042079116
7.qualification,Sub207,0.041980626
13.automobile,Sub206,0.041979982
13.automobile,Sub33,0.041968855
13.collection,Sub180,0.041916119
13.sports,Sub222,0.041754835
13.collection,Sub173,0.041737296
4.age,Sub237,0.041658095
13.online shopping,Sub227,0.041651243
13.automobile,Sub198,0.041571549
13.travelling,Sub157,0.041567595
13.sports,Sub169,0.041490367
13.sports,Sub169,0.041490367
13.movie,Sub184,0.041479108
13.starchaaser,Sub121,0.041460545
13.painting or calligraphy,Sub206,0.04136115
13.skincare,Sub239,0.041293527
13.movie,Sub171,0.041253128
13.personal finance,Sub145,0.04110908
13.travelling,Sub239,0.041092583
13.cooking,Sub200,0.041071645
13.movie,Sub225,0.041018428
13.painting or calligraphy,Sub124,0.041003292
13.collection,Sub182,0.040883617
13.anime,Sub238,0.04086422
11.CGPA,Sub205,0.040861917
13.technology,Sub210,0.040846787
13.painting or calligraphy,Sub226,0.040710718
13.dancing,Sub224,0.040603649
7.qualification,Sub5,0.040573326
7.qualification,Sub5,0.040573326
13.photography,Sub184,0.040495359
11.CGPA,Sub236,0.040281018
13.DIY,Sub152,0.040074434
13.travelling,Sub65,0.040064474
11.CGPA,Sub121,0.040041118
13.TV series,Sub95,0.039794073
13.TV series,Sub124,0.039783182
13.personal finance,Sub137,0.039664258
13.dancing,Sub236,0.039661096
13.online shopping,Sub168,0.039545704
13.online shopping,Sub225,0.039540529
13.cooking,Sub126,0.039452096
4.age,Sub156,0.039434849
13.anime,Sub29,0.039422978
11.CGPA,Sub203,0.039401772
13.automobile,Sub32,0.039343361
4.age,Sub1,0.039320711
13.anime,Sub209,0.039317034
13.keep pets,Sub126,0.03929338
13.personal finance,Sub20,0.039273858
13.sports,Sub29,0.039222101
4.age,Sub195,0.039201346
13.DIY,Sub179,0.039198307
13.automobile,Sub238,0.038916709
13.cooking,Sub130,0.038886878
13.photography,Sub158,0.038736297
12.monthly expenditure,Sub205,0.038623414
13.movie,Sub59,0.038589198
13.sports,Sub216,0.038524599
6.weight,Sub228,0.038317089
13.dancing,Sub145,0.038136157
13.collection,Sub28,0.038096511
13.game,Sub137,0.038077043
7.qualification,Sub219,0.038074628
13.travelling,Sub47,0.038074176
13.skincare,Sub215,0.038053057
13.personal finance,Sub26,0.037984349
12.monthly expenditure,Sub71,0.037901177
13.dancing,Sub146,0.037791572
13.dancing,Sub83,0.03779157
12.monthly expenditure,Sub208,0.037728607
13.automobile,Sub182,0.037698646
13.game,Sub152,0.037692237
12.monthly expenditure,Sub130,0.037687499
8.living area,Sub201,0.037675388
13.travelling,Sub158,0.037659654
9.status,Sub214,0.037444966
6.weight,Sub127,0.037295956
13.online shopping,Sub37,0.037182693
13.personal finance,Sub233,0.037136664
13.photography,Sub32,0.037068021
13.DIY,Sub214,0.037049694
13.collection,Sub51,0.036805573
13.personal finance,Sub27,0.03672408
13.starchaaser,Sub75,0.03664906
6.weight,Sub222,0.036618283
13.travelling,Sub168,0.036487482
2.Frequency,Sub208,0.036480708
7.qualification,Sub156,0.036456337
13.travelling,Sub172,0.036418419
13.painting or calligraphy,Sub65,0.036169397
8.living area,Sub75,0.03600201
13.sports,Sub226,0.035996746
13.starchaaser,Sub138,0.035989013
7.qualification,Sub124,0.035969427
4.age,Sub160,0.03595992
4.age,Sub160,0.03595992
13.painting or calligraphy,Sub183,0.035818415
13.TV series,Sub200,0.035797619
13.sports,Sub201,0.035647859
13.keep pets,Sub183,0.035628571
13.online shopping,Sub238,0.035625436
13.game,Sub214,0.035559742
13.anime,Sub179,0.03536536
13.starchaaser,Sub147,0.035335634
13.keep pets,Sub180,0.035295243
13.cooking,Sub31,0.035157451
13.keep pets,Sub226,0.035139096
12.monthly expenditure,Sub212,0.034971768
13.travelling,Sub176,0.034959333
13.travelling,Sub208,0.034941098
13.DIY,Sub20,0.03490561
13.travelling,Sub219,0.034903635
13.technology,Sub229,0.034880767
13.music,Sub83,0.034845952
13.music,Sub83,0.034845952
13.travelling,Sub226,0.034818051
13.game,Sub231,0.034759196
2.Frequency,Sub27,0.034738958
13.sports,Sub153,0.034706327
13.personal finance,Sub219,0.034685651
11.CGPA,Sub173,0.034662821
4.age,Sub147,0.034610734
4.age,Sub147,0.034610734
13.online shopping,Sub27,0.034507529
13.travelling,Sub25,0.034442105
13.photography,Sub170,0.034344002
13.cooking,Sub138,0.034042793
13.music,Sub145,0.034015902
13.anime,Sub200,0.034009487
13.keep pets,Sub227,0.033969761
12.monthly expenditure,Sub171,0.033963868
13.sports,Sub162,0.033857343
13.cooking,Sub127,0.03381816
13.keep pets,Sub178,0.03361062
13.photography,Sub122,0.033456709
13.collection,Sub172,0.033412937
3.gender,Sub230,0.03333314
13.keep pets,Sub239,0.033303882
13.sports,Sub124,0.033301007
13.anime,Sub215,0.033197156
13.music,Sub26,0.03294375
13.online shopping,Sub169,0.032907094
2.Frequency,Sub59,0.032854875
7.qualification,Sub233,0.03263345
5.height,Sub182,0.032563439
13.game,Sub160,0.032391172
13.starchaaser,Sub209,0.032373434
13.automobile,Sub20,0.032244268
13.keep pets,Sub22,0.032242931
7.qualification,Sub210,0.032159617
4.age,Sub169,0.032158505
4.age,Sub169,0.032158505
11.CGPA,Sub161,0.032105659
13.music,Sub157,0.032088711
13.technology,Sub25,0.032079023
11.CGPA,Sub160,0.032075925
13.music,Sub171,0.032066049
13.personal finance,Sub184,0.03204272
13.automobile,Sub207,0.031794052
4.age,Sub145,0.031782741
4.age,Sub145,0.031782741
4.age,Sub83,0.031665151
4.age,Sub83,0.031665151
4.age,Sub83,0.031665151
4.age,Sub83,0.031665151
13.painting or calligraphy,Sub168,0.031659706
13.personal finance,Sub30,0.031254513
13.starchaaser,Sub126,0.031248234
13.collection,Sub218,0.031177523
13.sports,Sub236,0.031145011
13.automobile,Sub203,0.031125707
13.sports,Sub168,0.031005672
13.collection,Sub179,0.030952744
13.anime,Sub37,0.030774692
13.TV series,Sub1,0.030772233
12.monthly expenditure,Sub37,0.030727317
11.CGPA,Sub157,0.030541614
13.personal finance,Sub154,0.030489118
13.automobile,Sub213,0.030441674
13.personal finance,Sub33,0.030392706
11.CGPA,Sub238,0.030375805
13.game,Sub203,0.03035418
3.gender,Sub161,0.030343373
13.collection,Sub212,0.030335679
13.music,Sub193,0.030209857
13.DIY,Sub200,0.030140151
13.dancing,Sub147,0.029995824
9.status,Sub136,0.029742845
13.starchaaser,Sub229,0.029709673
13.DIY,Sub216,0.029707492
13.cooking,Sub51,0.029693237
13.movie,Sub209,0.029483939
4.age,Sub33,0.029395162
4.age,Sub33,0.029395162
13.online shopping,Sub220,0.029382835
13.photography,Sub239,0.029234534
13.online shopping,Sub65,0.029193699
5.height,Sub232,0.029139561
13.cooking,Sub17,0.029138481
13.dancing,Sub95,0.029015025
13.movie,Sub220,0.029000363
8.living area,Sub212,0.028870404
13.dancing,Sub176,0.028650038
13.travelling,Sub222,0.02851071
13.photography,Sub229,0.028468527
9.status,Sub156,0.028407027
13.technology,Sub86,0.028337684
13.automobile,Sub21,0.028269912
13.dancing,Sub161,0.028181697
9.status,Sub229,0.028122627
13.automobile,Sub236,0.028043861
7.qualification,Sub222,0.028026908
7.qualification,Sub159,0.027833202
13.collection,Sub176,0.027815477
13.game,Sub71,0.027745311
13.collection,Sub156,0.027739461
13.online shopping,Sub180,0.027714884
13.anime,Sub230,0.027677409
13.starchaaser,Sub145,0.027576726
4.age,Sub32,0.027556255
4.age,Sub32,0.027556255
13.movie,Sub208,0.027446273
13.photography,Sub183,0.027408396
13.TV series,Sub75,0.027394555
13.music,Sub222,0.027331612
3.gender,Sub212,0.027287125
13.starchaaser,Sub146,0.027259484
13.starchaaser,Sub83,0.027259483
13.automobile,Sub22,0.027246745
13.dancing,Sub184,0.02719024
7.qualification,Sub212,0.027172192
13.movie,Sub27,0.027156621
13.keep pets,Sub179,0.027063603
13.automobile,Sub5,0.026938623
13.automobile,Sub5,0.026938623
13.movie,Sub22,0.026896034
12.monthly expenditure,Sub137,0.02688336
13.collection,Sub198,0.026867766
13.anime,Sub182,0.026852161
13.starchaaser,Sub130,0.026682258
5.height,Sub204,0.026614677
6.weight,Sub86,0.026375887
13.online shopping,Sub29,0.026213857
3.gender,Sub124,0.02621302
13.music,Sub198,0.026192025
13.music,Sub17,0.026141024
13.painting or calligraphy,Sub201,0.026059927
13.dancing,Sub222,0.026013688
13.movie,Sub71,0.025972926
7.qualification,Sub236,0.025902746
13.sports,Sub229,0.025876108
3.gender,Sub228,0.025864348
6.weight,Sub126,0.025732639
7.qualification,Sub180,0.025558709
13.photography,Sub154,0.02551438
13.automobile,Sub237,0.025448177
3.gender,Sub233,0.025353856
13.dancing,Sub121,0.02532787
13.DIY,Sub215,0.025137209
13.DIY,Sub233,0.024837273
13.sports,Sub160,0.024821872
13.sports,Sub160,0.024821872
9.status,Sub230,0.024795574
13.DIY,Sub229,0.024667949
13.photography,Sub51,0.024648115
13.personal finance,Sub171,0.024597273
8.living area,Sub215,0.024487052
6.weight,Sub193,0.024446948
13.movie,Sub182,0.024348773
13.keep pets,Sub195,0.024333456
13.movie,Sub236,0.02419689
13.music,Sub147,0.024140225
13.starchaaser,Sub28,0.024113628
13.travelling,Sub160,0.02404041
13.keep pets,Sub76,0.024013642
6.weight,Sub164,0.024007828
13.TV series,Sub164,0.024000394
13.anime,Sub229,0.023960705
13.dancing,Sub76,0.023921714
13.game,Sub199,0.023909854
9.status,Sub238,0.023894037
13.collection,Sub184,0.023807576
13.dancing,Sub209,0.023637949
13.music,Sub215,0.023378855
5.height,Sub229,0.023372636
6.weight,Sub158,0.023328878
13.automobile,Sub161,0.023243553
13.travelling,Sub213,0.023230772
11.CGPA,Sub168,0.023157988
13.online shopping,Sub183,0.023134611
13.photography,Sub221,0.022967611
13.keep pets,Sub213,0.02295759
13.photography,Sub198,0.022926214
13.dancing,Sub233,0.022822533
2.Frequency,Sub228,0.022751962
13.online shopping,Sub161,0.022721858
13.travelling,Sub203,0.022682538
13.personal finance,Sub29,0.022637631
13.travelling,Sub228,0.022540354
13.skincare,Sub183,0.022481213
2.Frequency,Sub122,0.022371309
13.keep pets,Sub37,0.02223748
13.photography,Sub162,0.022201328
13.personal finance,Sub238,0.022159064
13.personal finance,Sub51,0.022041933
13.DIY,Sub154,0.022032845
13.game,Sub238,0.021790693
13.collection,Sub37,0.02178298
13.game,Sub193,0.021781365
13.online shopping,Sub179,0.021722404
5.height,Sub122,0.02164828
13.online shopping,Sub24,0.021592689
6.weight,Sub85,0.021578583
13.movie,Sub218,0.021436834
12.monthly expenditure,Sub179,0.021277203
13.automobile,Sub122,0.021190878
13.skincare,Sub138,0.021161999
13.sports,Sub26,0.021141474
9.status,Sub224,0.021072651
13.keep pets,Sub31,0.021040063
13.game,Sub206,0.021028382
13.DIY,Sub17,0.020963395
13.DIY,Sub164,0.020943727
13.starchaaser,Sub85,0.02092371
13.photography,Sub1,0.020819214
13.travelling,Sub29,0.020766629
13.online shopping,Sub121,0.020763169
13.DIY,Sub176,0.020741127
12.monthly expenditure,Sub225,0.020635943
13.starchaaser,Sub204,0.020503859
13.keep pets,Sub164,0.020382325
13.anime,Sub193,0.020368085
13.DIY,Sub24,0.020362397
5.height,Sub126,0.02033115
7.qualification,Sub170,0.019892952
8.living area,Sub204,0.019832451
13.collection,Sub203,0.019713279
13.painting or calligraphy,Sub152,0.019699535
13.painting or calligraphy,Sub184,0.019611451
7.qualification,Sub164,0.019561643
13.painting or calligraphy,Sub210,0.019503045
13.online shopping,Sub51,0.019341223
13.dancing,Sub213,0.019023011
12.monthly expenditure,Sub193,0.018985272
12.monthly expenditure,Sub235,0.018946212
4.age,Sub5,0.018867925
4.age,Sub5,0.018867925
4.age,Sub5,0.018867925
4.age,Sub5,0.018867925
13.starchaaser,Sub225,0.01879381
13.painting or calligraphy,Sub30,0.018646601
13.sports,Sub122,0.018598668
13.personal finance,Sub47,0.018585161
13.technology,Sub121,0.018307382
6.weight,Sub220,0.018304773
13.automobile,Sub179,0.018264872
13.game,Sub209,0.018237877
2.Frequency,Sub230,0.018212426
13.collection,Sub136,0.018166241
13.personal finance,Sub173,0.0180866
13.dancing,Sub221,0.018081554
13.collection,Sub213,0.01800648
13.DIY,Sub195,0.017965265
13.TV series,Sub208,0.017946064
13.painting or calligraphy,Sub180,0.017902352
13.online shopping,Sub193,0.017865359
13.personal finance,Sub170,0.017751675
7.qualification,Sub20,0.017705335
13.painting or calligraphy,Sub122,0.017698163
3.gender,Sub136,0.017641049
6.weight,Sub185,0.017636394
13.keep pets,Sub156,0.017609462
12.monthly expenditure,Sub228,0.017590479
13.online shopping,Sub200,0.017580798
13.TV series,Sub162,0.017535423
13.movie,Sub216,0.017523669
13.movie,Sub227,0.017513971
13.collection,Sub235,0.01732237
13.sports,Sub130,0.017320538
13.travelling,Sub59,0.017263812
13.travelling,Sub20,0.017217599
13.online shopping,Sub28,0.017197917
13.cooking,Sub214,0.017140883
13.keep pets,Sub184,0.017120141
13.TV series,Sub20,0.017102423
13.starchaaser,Sub208,0.016961995
8.living area,Sub126,0.016934929
13.personal finance,Sub158,0.016832259
13.personal finance,Sub24,0.016822025
13.music,Sub121,0.01681732
4.age,Sub158,0.01668619
13.DIY,Sub136,0.016495542
13.collection,Sub138,0.016494308
13.personal finance,Sub200,0.016383659
7.qualification,Sub178,0.016351951
13.sports,Sub203,0.016348451
13.dancing,Sub182,0.016330566
13.dancing,Sub200,0.016316954
13.photography,Sub209,0.016251646
13.movie,Sub235,0.016043367
2.Frequency,Sub157,0.015954023
13.technology,Sub20,0.015934709
5.height,Sub233,0.015801696
13.keep pets,Sub130,0.015790195
13.collection,Sub126,0.015787786
13.online shopping,Sub95,0.015740533
13.keep pets,Sub95,0.015678279
13.collection,Sub204,0.015590085
13.automobile,Sub215,0.01549468
7.qualification,Sub199,0.015415748
13.dancing,Sub230,0.015092577
13.sports,Sub164,0.015075362
13.TV series,Sub235,0.015021377
12.monthly expenditure,Sub207,0.015011882
13.online shopping,Sub172,0.014962271
13.travelling,Sub231,0.014830547
13.movie,Sub138,0.01477675
13.keep pets,Sub198,0.01469578
7.qualification,Sub209,0.014649593
13.music,Sub31,0.014547591
13.dancing,Sub85,0.014414914
13.photography,Sub59,0.01437975
13.TV series,Sub233,0.014351476
13.personal finance,Sub198,0.014172511
13.game,Sub230,0.014125428
13.sports,Sub158,0.014116019
13.starchaaser,Sub156,0.01391357
13.anime,Sub222,0.013890252
13.painting or calligraphy,Sub229,0.013711793
13.movie,Sub231,0.013576826
11.CGPA,Sub221,0.013535699
13.skincare,Sub208,0.013432359
13.keep pets,Sub170,0.013422598
13.starchaaser,Sub219,0.013382622
13.cooking,Sub225,0.013370141
13.dancing,Sub170,0.013301639
13.online shopping,Sub230,0.013252959
13.photography,Sub214,0.01324287
7.qualification,Sub59,0.013139743
11.CGPA,Sub25,0.012941329
2.Frequency,Sub198,0.012891607
13.sports,Sub27,0.012665183
13.keep pets,Sub138,0.012662878
13.sports,Sub227,0.012553836
7.qualification,Sub22,0.012530714
13.collection,Sub171,0.012418845
13.sports,Sub32,0.012382807
13.photography,Sub238,0.012374896
12.monthly expenditure,Sub162,0.012350426
13.DIY,Sub235,0.012331796
7.qualification,Sub195,0.012327228
13.collection,Sub205,0.012326896
13.photography,Sub237,0.012246913
8.living area,Sub164,0.012160725
13.collection,Sub17,0.011953437
8.living area,Sub136,0.011892574
12.monthly expenditure,Sub169,0.011832858
13.photography,Sub168,0.011806101
3.gender,Sub221,0.011715992
13.collection,Sub209,0.011655285
11.CGPA,Sub222,0.0115891
13.personal finance,Sub183,0.011544547
13.DIY,Sub121,0.011476477
13.starchaaser,Sub237,0.011317493
13.music,Sub156,0.011298335
7.qualification,Sub208,0.01118485
13.photography,Sub236,0.011144299
13.automobile,Sub37,0.011099169
13.music,Sub228,0.011098759
13.travelling,Sub30,0.011021085
13.photography,Sub173,0.010932288
13.painting or calligraphy,Sub27,0.010839335
8.living area,Sub205,0.010707196
6.weight,Sub33,0.010674754
13.personal finance,Sub76,0.010670771
13.photography,Sub127,0.010594234
13.technology,Sub235,0.010471545
13.skincare,Sub229,0.010420141
13.automobile,Sub76,0.010328307
13.sports,Sub95,0.010270356
3.gender,Sub201,0.010235474
13.technology,Sub21,0.00995743
13.photography,Sub224,0.009860913
13.collection,Sub22,0.009754199
13.automobile,Sub200,0.009713382
13.automobile,Sub232,0.009599323
12.monthly expenditure,Sub180,0.009567479
11.CGPA,Sub220,0.009429552
13.collection,Sub216,0.009333252
13.collection,Sub201,0.009304728
13.dancing,Sub59,0.009213119
13.keep pets,Sub30,0.009209572
13.painting or calligraphy,Sub214,0.009106135
6.weight,Sub231,0.00908578
7.qualification,Sub226,0.008997246
13.photography,Sub152,0.008982838
6.weight,Sub138,0.008802467
12.monthly expenditure,Sub206,0.008694315
13.music,Sub199,0.008613961
3.gender,Sub29,0.008503109
13.personal finance,Sub136,0.008484441
13.automobile,Sub153,0.008444249
13.DIY,Sub172,0.008092983
11.CGPA,Sub169,0.007997297
8.living area,Sub203,0.007899301
13.keep pets,Sub20,0.007836143
11.CGPA,Sub228,0.007821922
12.monthly expenditure,Sub154,0.007725111
4.age,Sub27,0.007630036
13.collection,Sub206,0.007625488
13.TV series,Sub207,0.007570574
13.sports,Sub198,0.007490682
13.collection,Sub121,0.007480636
13.travelling,Sub136,0.007469871
8.living area,Sub185,0.007417887
13.automobile,Sub26,0.007370869
9.status,Sub171,0.00706616
13.keep pets,Sub162,0.00695962
13.TV series,Sub51,0.006810406
13.automobile,Sub173,0.006758842
13.starchaaser,Sub207,0.00667469
13.online shopping,Sub75,0.006602896
13.automobile,Sub178,0.006574316
13.cooking,Sub28,0.006539437
13.personal finance,Sub199,0.006512151
13.dancing,Sub210,0.006501961
13.anime,Sub183,0.006483908
13.online shopping,Sub178,0.006392379
13.photography,Sub228,0.006388174
13.automobile,Sub47,0.006282822
13.photography,Sub124,0.006248352
13.automobile,Sub180,0.006115828
13.starchaaser,Sub182,0.005801104
4.age,Sub212,0.005742808
13.travelling,Sub156,0.005724249
13.movie,Sub147,0.005711265
5.height,Sub28,0.005711236
13.movie,Sub31,0.00529535
13.keep pets,Sub229,0.005275597
11.CGPA,Sub126,0.005202102
5.height,Sub236,0.005157493
13.music,Sub27,0.005010326
13.painting or calligraphy,Sub228,0.005006215
8.living area,Sub124,0.004993834
13.sports,Sub231,0.004952975
13.TV series,Sub176,0.00490827
12.monthly expenditure,Sub216,0.004793765
13.painting or calligraphy,Sub1,0.004786176
13.DIY,Sub173,0.004632585
11.CGPA,Sub204,0.00459621
7.qualification,Sub173,0.004594313
13.technology,Sub160,0.004578735
9.status,Sub236,0.004576171
13.game,Sub232,0.004534887
8.living area,Sub232,0.004440052
7.qualification,Sub182,0.004438753
13.movie,Sub193,0.004432803
13.starchaaser,Sub218,0.004391983
13.online shopping,Sub239,0.004333512
13.automobile,Sub233,0.004283499
13.sports,Sub204,0.004225268
13.automobile,Sub164,0.004169821
13.technology,Sub47,0.004027726
13.cooking,Sub154,0.004010864
13.keep pets,Sub228,0.00400085
13.automobile,Sub216,0.003936857
13.travelling,Sub27,0.00390357
13.TV series,Sub138,0.003803492
13.personal finance,Sub161,0.003727762
6.weight,Sub32,0.003690488
13.personal finance,Sub237,0.003681852
13.photography,Sub20,0.003676508
13.travelling,Sub95,0.00365954
13.cooking,Sub224,0.003652055
13.collection,Sub30,0.003599275
13.movie,Sub159,0.003576642
13.keep pets,Sub160,0.003412142
5.height,Sub212,0.003307916
8.living area,Sub22,0.003265942
13.TV series,Sub122,0.003169994
7.qualification,Sub172,0.002878273
13.online shopping,Sub219,0.00277883
6.weight,Sub75,0.002739684
13.movie,Sub221,0.002639863
13.personal finance,Sub156,0.002592938
13.collection,Sub122,0.002557862
13.DIY,Sub180,0.002550699
13.dancing,Sub138,0.002487652
13.collection,Sub183,0.002486341
6.weight,Sub219,0.002400727
13.collection,Sub162,0.002218207
7.qualification,Sub216,0.002165935
13.DIY,Sub178,0.001980852
13.technology,Sub138,0.001972248
13.anime,Sub122,0.001903503
13.personal finance,Sub207,0.001833392
6.weight,Sub216,0.001737803
13.collection,Sub237,0.001624953
13.painting or calligraphy,Sub17,0.00157811
13.TV series,Sub219,0.001530614
13.movie,Sub213,0.001464157
13.photography,Sub130,0.001433576
13.collection,Sub226,0.001422543
9.status,Sub59,0.001385203
13.movie,Sub145,0.001375261
13.sports,Sub33,0.00131023
13.keep pets,Sub17,0.001142926
12.monthly expenditure,Sub76,0.001113354
12.monthly expenditure,Sub124,0.001066745
12.monthly expenditure,Sub29,0.000945827
5.height,Sub130,0.000923892
13.personal finance,Sub25,0.000918057
13.sports,Sub137,0.000829035
9.status,Sub31,0.000808076
13.automobile,Sub212,0.000735564
13.anime,Sub76,0.000699349
13.cooking,Sub183,0.000695764
13.movie,Sub83,0.000681871
13.movie,Sub146,0.00068187
12.monthly expenditure,Sub178,0.000602768
13.automobile,Sub210,0.000594047
13.travelling,Sub127,0.000529665
13.DIY,Sub29,0.000474999
13.movie,Sub198,0.000388119
13.sports,Sub152,0.000348237
13.movie,Sub219,0.00018343
