1、B站ID,2、使用B站频繁程度,3、性别,4、年龄,5、身高,6、体重,7、最高学历,8、常住地区,9、情感状态,10、经济情况,11、CGPA(绩点平均值),12、每月日常花销,13、(游戏(手游、网游、桌游等）),13、(动漫),13、(运动 (室内、户外）),13、(网购),13、(旅行),13、(养宠物),13、(美容护肤),13、(科技),13、(音乐 (乐器、唱歌等）),13、(看电影),13、(追星),13、(追电视剧、网剧、综艺等),13、(摄影),13、(绘画或书法),13、(个人理财),13、(收集手办),13、(舞蹈),13、(烹饪),13、(手工DIY),13、(研究汽车),大类1,大类3,大类4,大类5,大类11,大类13,大类23,大类36,大类119,大类129,大类155,大类160,大类167,大类177,大类181,大类188,大类202,大类211,大类217,大类223,大类234,小类1,小类3,小类4,小类5,小类11,小类13,小类17,小类19,小类20,小类21,小类22,小类23,小类24,小类25,小类26,小类27,小类28,小类29,小类30,小类31,小类32,小类33,小类36,小类37,小类47,小类51,小类59,小类65,小类71,小类75,小类76,小类83,小类85,小类86,小类95,小类119,小类121,小类122,小类124,小类126,小类127,小类129,小类130,小类136,小类137,小类138,小类145,小类146,小类147,小类152,小类153,小类154,小类155,小类156,小类157,小类158,小类159,小类160,小类161,小类162,小类164,小类167,小类168,小类169,小类170,小类171,小类172,小类173,小类176,小类177,小类178,小类179,小类180,小类181,小类182,小类183,小类184,小类185,小类187,小类188,小类192,小类193,小类194,小类195,小类198,小类199,小类200,小类201,小类202,小类203,小类204,小类205,小类206,小类207,小类208,小类209,小类210,小类211,小类212,小类213,小类214,小类215,小类216,小类217,小类218,小类219,小类220,小类221,小类222,小类223,小类224,小类225,小类226,小类227,小类228,小类229,小类230,小类231,小类232,小类233,小类234,小类235,小类236,小类237,小类238,小类239
,1,1,2,4,6,3,Fujian,2,1,5,2,0,1,0,0,0,1,0,1,0,0,0,0,0,0,0,0,0,0,1,0,0.231891584,0.525140462,0.353112113,0.154464415,0,0.007673718,0.002529989,1,0.140905326,0.074339519,0.050120102,0.691137881,0.107098433,0.108068011,0.187394588,0.227800039,0.949536145,0.16966008,0.452502702,0.032981269,0.187873307,0,0,0,0,0,0,0.375037717,0,0.061309884,1,0.158135999,0,0.083982478,0.058624113,0.046098966,0.26726589,0.276977304,0.139128759,0.047034596,0.29286953,0,0,0,0.119149607,0.106571527,0.018350375,0.185552153,0.098958789,0.207355553,0.32382816,0.09513706,0,0.113877335,0,0.136944294,0,0.007634292,0.291830416,0.75655447,0.092398207,0.003817146,0,0.177152478,0.036201107,0.162019462,0.441870529,0,0,0.006050033,0,0.053943358,0.061722961,0,0,0.037816046,0.068353212,0.013684325,0,0.026720021,0.047303282,0.058924179,0,0.080313853,0,0.065184695,0.09375766,0.12753784,0.105279329,0.049916112,0,0.035002941,0.051769057,0.052504411,0,0.141937563,0.115825953,0.076480996,0,0,0,0,0.137068051,0,0.056665529,0.011451437,0.033418682,0.009867179,0.356184544,0,0.691736383,0.472095191,0.549285332,0.557535066,0.181883232,0.193692606,0.081682124,0.038084732,0,0.053733257,0.104754458,0.068397847,0.083690206,0.036500473,0,0.229893206,0.2343003,0.068266486,0.180275294,0.045518748,0,0,0.013684325,0.015268583,0,0.495640713,0.033859475,0.025135762,0.110570116,0.223986236,0.048108109,0,0.108016361,0.161400048,0.023551503,0.09737453,0.136843245
,1,1,2,4,3,3,Zhejiang,2,1,2,2,1,1,1,0,1,0,0,0,1,1,0,0,1,0,0,0,0,1,0,0,0.263233085,0.604121839,1,0.198846493,0,0.00704099,0.001509636,0.760932036,0.186274722,0.109336001,0.090083467,0.915527736,0.100446182,0.077390531,0.21940916,0.179248453,0.568489786,0.193805888,0.349741686,0.038206579,0.153763206,0,0,0,0,0,0,0.618171636,0,0.060770216,1,0.256711052,0,0.056178585,0.004384232,0.011333074,0.18124925,0.208786127,0.10256968,0.040203075,0.403463738,0,0.011333074,0,0.025897177,0.140176857,0,0.140581802,0.381506744,0.239935786,0.072842736,0.083050781,0,0.080256141,0.045253724,0.128383079,0,0.021921158,0.075435522,0.206599974,0.119547326,0,0,0.171705268,0.008768463,0.203834968,0.497919395,0,0,0,0,0.032915911,0.076251948,0,0.015717306,0.078816559,0.132513833,0.020101538,0,0.044587307,0.042022696,0.028870001,0,0.068642862,0,0.021076557,0.895790139,0.5026314,0.222674338,0.059817826,0,0.010179871,0,0.014564102,0,0.175713798,0.110279345,0.074332717,0,0,0,0,0.08997145,0,0.024485769,0.021921158,0.080998007,0.030281408,0.097763349,0,0,0,0,0,0.03466564,0.033999223,0.046973734,0.017536926,0,0.070048096,0.114710257,0,0.028870001,0.044179094,0,0.117766821,0.011333074,0.004384232,0.042120761,0.039010215,0,0.012308094,0,0,0.008768463,0.13132982,0.008768463,0.008768463,0.006948843,0.013152695,0.004384232,0,0.032101029,0.015717306,0.020101538,0.027716797,0.21982242
,1,1,2,4,3,1,Beijing,2,1,5,1,1,1,1,1,0,0,0,0,0,0,0,0,0,0,0,0,0,0,0,0,0.323203591,0.567053248,1,0.167156663,0,0.245650613,0.055415619,0.753571244,0.184132319,0.086836515,0.090037188,0.921750482,0.113128449,0.071769749,0.214710443,0.157067121,0.536034509,0.220361847,0.269823539,0.038419839,0.158240581,0,0,0,0,0,0,0.620234819,0,0.034599815,1,0.169529566,0,0.170746708,0.043245523,0.032348091,0.470021431,0.286425235,0.083885802,0.037566994,0.249212821,0.662326478,0.740668019,0,0.052411459,0.236074679,0.096553254,0.184229151,0.309020453,0.175634122,0.047062383,0.133933278,0.057835246,0.060190103,0.024439274,0.09734966,0,0.01312772,0.218685526,0.358036092,0.108175351,0.006935648,0,0.148610104,0.015687461,0.041942901,0.694730419,0.120262922,0.081298063,0.108658661,0.130391023,0.074041273,0.03938316,0,0,0.123561105,0.07184299,0,0,0.069864781,0.037566994,0.123147582,0,0.140609948,0,0.030223908,0.669518837,0.409355377,0.135676649,0.075699719,0,0.01312772,0.008751813,0.055814197,0,0.241588132,0.101176255,0.041942901,0,0,0,0,0.071759371,0,0.0591757,0.004375907,0.006935648,0,0.276425198,0,0.320985181,0.17688516,0.32278032,0.194841581,0.059640792,0.26398693,0.099830976,0.033191088,0,0.176492318,0.193230648,0.027664167,0.069447234,0.073218402,0,0.094789918,0.027664167,0.02328826,0.02625544,0,0,0,0.004375907,0.004375907,0,0.254169544,0.072632546,0.01312772,0.008751813,0.061737586,0.058373938,0,0.110013574,0.073575537,0.017503627,0.040126736,0.229041421
,1,1,2,5,6,3,Zhejiang,1,1,5,2,1,1,0,1,0,0,0,1,0,1,0,0,0,0,1,0,0,0,0,0,0.263617824,0.384502423,1,0.103533135,0,0.162257831,0.027492985,0.621543765,0.105989144,0.063240702,0.056274261,0.718354473,0.063473257,0.042689468,0.180422262,0.201038159,0.308769202,0.154656234,0.174904928,0.045969043,0.096154012,0,0,0,0,0,0,0.904049784,0,0.043765254,0.878136863,0.048457445,0,0.051005524,0.047434898,0.01040647,0.353343616,0.08273943,0.061473613,0.068806448,0.19344319,0.065109351,0.101440679,0,0.010212682,0.116490991,0.0800527,0.062553525,0.683043874,0.069549904,0.056763573,0.083418261,0,0.093846105,0.016140201,0.469679984,0,0.030194985,0.18098651,0.263075105,0.014922722,0,0,0.082976771,0.031172122,0.044351285,0.36834346,0,0,0,0.015385586,0,0.043112434,0,0.002081294,0.016650352,0.049090171,0.007461361,0,0.069747556,0.091854174,0.013705243,0,0.035688374,0,0.003298773,1,0.405442474,0.200726035,0.104302683,0,0.008325176,0.017004016,0.006243882,0,0.118774346,0.062537075,0.110082294,0,0,0,0,0.05132841,0,0.006597546,0.004162588,0.02348824,0.014168107,0.239938433,0,0.044101973,0.02492824,0.143284934,0.01552527,0.06820888,0.076872574,0.061021659,0.060702195,0,0.040411789,0.079076443,0.032723784,0.048029637,0.015786537,0,0.097219203,0.047692349,0.015385586,0.042928638,0.004162588,0,0.023370473,0.011623949,0.024587952,0.010675546,0.187102828,0.013157791,0.091593991,0.072293709,0.11033242,0.014922722,0,0.029036725,0.013157791,0.023601561,0.028737164,0.146664419
,1,1,2,4,5,3,Sichuan,2,1,4,1,1,0,1,0,0,1,0,0,1,1,1,1,1,0,0,0,0,0,0,0,0.267688715,0.443049097,1,0.130952033,0,0.136033353,0.022431157,0.649909755,0.093400004,0.071611774,0.109403445,0.797862998,0.062298723,0.059213589,0.202807704,0.204088862,0.27256971,0.234463422,0.176699797,0.052353871,0.170648306,0,0,0,0,0,0,0.502164957,0,0.017488731,1,0.032123806,0,0.022367089,0.004878358,0,0.116475101,0.029270149,0.130672631,0.016205555,0.09170963,0,0,0,0.009756716,0.048329361,0,0.053771058,0.327277006,0.140087559,0.072016187,0.191172963,0,0.133147769,0.004878358,0.218190086,0,0.037002164,0.094768358,0.239069342,0,0.004878358,0,0.132957745,0.01546403,0.335520717,0.408510551,0,0,0,0,0.004878358,0.044734179,0,0.007732015,0.259592667,0.627821169,0.151035289,0,0.014635075,0.004878358,0.198701104,0,0.024391791,0,0,0.517317117,0.195337772,0.120386756,0.077145289,0,0.004878358,0,0.009756716,0,0.074335483,0.06222291,0.032123806,0,0,0,0,0.097068126,0,0,0.025220746,0.118952115,0,0.131781303,0,0.028330358,0.025220746,0.043681777,0.024818466,0.121291434,0.176679501,0.082026579,0.014635075,0,0.429371305,0.211689901,0.042167827,0.124553601,0.004878358,0,0.13142408,0.064587504,0.007732015,0.019513433,0,0,0,0.004878358,0,0,0.142103077,0.031511421,0.043362474,0.009756716,0.024391791,0.01546403,0,0.15433831,0.083650208,0.161576565,0.086565656,0.432645329
,2,2,2,3,3,1,Guangdong,2,1,4,1,1,0,0,0,0,0,1,0,0,1,0,1,0,0,0,0,0,0,0,0,0.214121575,0.339808126,1,0.124843839,0,0.070259049,0.022465653,0.52815823,0.07312585,0.059616756,0.213791322,0.795707718,0.040978539,0.049381189,0.207832719,0.14252933,0.155836896,0.238720236,0.16803245,0.046853872,0.157801753,0,0,0,0,0,0,0.221524908,0,0.003589483,1,0.039393931,0,0.004289387,0,0.002778174,0.091131446,0.027904134,0.092695777,0,0.077839204,0.001196494,0,0,0.031350046,0.048135502,0.004674573,0.023609427,0.138440696,0.159085052,0.059800052,0.258445214,0,0.086509885,0.014561247,0.130467773,0,0.001196494,0.100515185,0.203891641,0.012094792,0,0,0.129191497,0.00837546,0.214401303,0.332580915,0,0,0,0.003589483,0.002392989,0.02503642,0,0.001896399,0.745787836,0.454456205,0.155297652,0,0.055729318,0.032082538,0.126980178,0,0.01814773,0,0,0.354623184,0.103642818,0.148847359,0.021691585,0,0.027598194,0.01341787,0.050175813,0,0.147253207,0.159039929,0.120675125,0,0,0,0,0.118621611,0,0.003589483,0.004989292,0.051746824,0,0.140473802,0,0.002778174,0,0.003092893,0.001196494,0.019688706,0.101618552,0.021740213,0.010475173,0,0.156093092,0.25529017,0.014246527,0.068980066,0.003589483,0,0.092832411,0.074219686,0.010020687,0.046664806,0.007178966,0,0,0.002392989,0.003092893,0,0.103168078,0.003358984,0.012553443,0.01211963,0.01842451,0.008082185,0,0.036110323,0.031718796,0.021713028,0.056861275,0.313940692
,1,2,2,2,2,1,Guangdong,2,1,2,2,0,0,0,1,0,0,0,0,0,0,1,1,0,0,0,0,0,0,1,0,0.214806779,0.35146983,1,0.134083505,0,0.06997509,0.022333048,0.531022611,0.073597293,0.060180112,0.215812812,0.804210195,0.04086741,0.049925507,0.218852287,0.141818791,0.163826786,0.238825903,0.172567114,0.046838814,0.157393317,0,0,0,0,0,0,0.158192577,0,0.034211465,1,0.034211465,0,0,0.034211465,0,0.15235889,0.395505234,0.166864499,0.095534876,0.274617067,0.017105733,0,0,0.092239541,0.068422931,0,0.129746341,0.034211465,0.693099151,0.241603444,0.017105733,0,0.261748193,0,0,0,0,0.083935959,0.200262956,0.083935959,0,0,0.324175612,0,0.612116374,0.36045794,0,0,0,0,0,0.085528664,0,0,0.247552953,0.164903453,0.017105733,0,0.06132341,0.068422931,0,0,0.017105733,0,0,0.371642085,0.105541088,0.102634396,0.034211465,0,0,0.017105733,0,0,0.156858286,0.570671401,0.61288476,0,0,0,0,0.401642694,0,0,0,0,0,0.099339061,0,0.415395614,0.089769646,0.373670537,0.286807304,0,0.167761992,0,0,0,0.051317198,0.078429143,0,0.051317198,0,0,0.220157019,0.056824014,0.056824014,0.147611468,0,0,0,0,0,0,0.214191151,0.017105733,0,0,0.017105733,0,0,0.034211465,0,0,0.034211465,0.23662172
,1,1,2,4,4,3,Hong Kong,2,1,6,2,1,1,0,0,1,0,0,1,1,0,0,0,0,0,0,0,0,1,0,0,0.208439105,0.43093582,0.919456205,0.161679825,0,0.056002866,0.016738242,0.522287381,0.069959134,0.143326653,0.333283202,1,0.040465367,0.056159237,0.244394377,0.136977553,0.134381032,0.309274335,0.218998994,0.044647532,0.177495868,0,0,0,0,0,0,0.577073288,0,0.018277581,0.834227712,0.157278098,0,0,0.015004939,0.020919764,0.137759836,0.152529369,0.103174923,0.053852388,0.28655619,0,0,0,0.018277581,0.268854947,0,0.286018522,0.205154507,0.119507553,0.005187014,0.307331539,0,0.152231196,0.003272642,0.175394264,0,0.025876419,0.228658922,0.175585441,0.060164545,0.01364667,0,0.206765742,0.046950997,0.055255839,1,0,0,0,0.003272642,0.019922084,0.01963585,0,0.003272642,0.042120091,0.021550222,0.009817925,0,0.035262016,0.041259274,0.065720587,0,0.013090566,0,0.009817925,0.250259049,0.257145381,0.191633217,0.026737236,0,0,0,0.020191953,0,0.176266156,0.102454481,0.025378967,0.006545283,0,0,0,0.038966985,0,0,0.003272642,0.003272642,0.009187466,0.183924714,0,0.003272642,0,0.010374028,0,0.035694344,0.167495163,0.028651609,0.034229971,0,0.100901114,0.153163683,0.02550833,0.068041691,0.081243081,0,0.099507191,0.008459656,0.003272642,0.022524424,0,0,0,0.003272642,0,0,0.214561306,0.016919312,0.01364667,0.04455004,0.016363208,0.050309878,0,0.016363208,0.038847449,0,0.034093897,0.157276111
,1,1,2,4,5,3,Guangxi,2,1,4,1,1,0,1,0,0,0,0,0,1,0,0,0,0,0,0,0,1,0,0,0,0.208507149,0.44753275,0.927478601,0.166192379,0,0.0550095,0.016441342,0.521527425,0.069028826,0.141216099,0.329227843,1,0.040740001,0.055473709,0.242134279,0.134962024,0.131997411,0.303952597,0.216568555,0.043855584,0.175809857,0,0,0,0,0,0,0.304253946,0,0,0.313946459,0.016229698,0,0.040574246,0,0,0.116843634,0.152012585,0.197740665,0.012861732,0.196717923,0,0,0,0.016229698,0.03814336,0,0.016229698,0.235617636,0.209859558,0.016229698,0.012861732,0,0.008114849,0,0.024344548,0,0.032459397,0.097401034,0.187308386,0,0,0,1,0,0.368587631,0.167041008,0,0,0,0,0.040574246,0,0,0,0.008114849,0.06723479,0.07014359,0,0.016229698,0.012861732,0.020976581,0,0.008114849,0,0.02909143,0.813801212,0.431615084,0.089263341,0,0,0,0,0.008114849,0,0.051005091,0.090642257,0.012861732,0,0,0,0,0.324336748,0,0,0.008114849,0.025723463,0,0.020976581,0,0,0,0,0,0.032459397,0.138434008,0.008114849,0.099547873,0,0,0,0,0,0.008114849,0,0.060532163,0,0,0.012861732,0.024344548,0,0,0,0,0,0.173722541,0.008114849,0,0,0.008114849,0,0,0.069293986,0.008114849,0,0.016229698,0.880140541
,1,1,2,5,5,5,Zhejiang,1,1,1,1,1,0,1,0,0,0,0,1,1,1,0,0,0,1,0,0,0,0,0,0,0.206719918,0.452644738,0.958833852,0.171054091,0,0.052434856,0.015502381,0.527428908,0.072196609,0.138290748,0.316961365,1,0.040152403,0.056468963,0.245978309,0.140025577,0.139140459,0.297611146,0.209400287,0.044725222,0.18339154,0.002255329,0,0,0,0,0,0.272995165,0,0.030428573,0.745650718,0.089759831,0,0.01651336,0.01259593,0.019653494,0.115967072,0.106178754,0.093707935,0.02685396,0.183688269,0,0,0,0.035875278,0.058092104,0.013097498,0.13410856,0.28265216,0.175778296,0.018042635,0.07097971,0,0.081638623,0.009021318,0.232656023,0,0.013531976,0.116179019,0.228172983,0.017106589,0.005829942,0,0.111710851,0.010340601,0.155805236,0.29209423,0,0,0,0,0.004510659,0.05263905,0,0.003574613,0.074184616,0.067781885,0.009021318,0,0.019361918,0.027012712,0.07295997,0,0.031154627,0,0.002255329,1,0.261565713,0.106966076,0.059082985,0,0.032859824,0.008085271,0.019361918,0,0.134248989,0.09586243,0.096517524,0,0,0,0,0.05230626,0,0.002255329,0.014984084,0.008085271,0.009021318,0.125779651,0,0.105262624,0.064346202,0.101846018,0.067717012,0.048150909,0.10282124,0.051176865,0.019361918,0,0.053465227,0.077094779,0.002255329,0.050726538,0.031906607,0,0.059788275,0.01259593,0.006765988,0.019361918,0.003574613,0,0,0,0.018868812,0,0.144053257,0.008085271,0.023662585,0.011276647,0.011276647,0.016170543,0,0.152719464,0.080009072,0.030045336,0.071375808,0.235240025
,1,2,2,4,2,1,Oversea,2,1,4,2,1,1,0,1,0,0,0,0,0,0,0,0,0,1,0,0,0,0,0,0,0.229058807,0.451694479,0.948016678,0.174922842,0,0.050361022,0.014380255,0.526074944,0.06976338,0.141469127,0.315373119,1,0.047532854,0.054744977,0.238005749,0.136814654,0.13166353,0.30783028,0.210690662,0.042896087,0.176934773,0,0,0,0,0,0,0.596822136,0,0.073365114,1,0.031751751,0,0.171213749,0.143973319,0.004153892,0.369526592,0.11835061,0.065444097,0.091367669,0.233931887,0,0.006583763,0,0.028277015,0.574123409,0.03163068,0.107744098,0.24435623,0.19523763,0.11750535,0.416143964,0,0.109488701,0.05351945,0.03942813,0,0.084572196,0.360042798,0.103045604,0.030414497,0,0,0.221327113,0.028277015,0.272798507,0.692154389,0,0,0,0,0.01581534,0.059491739,0,0,0.186187471,0.115933896,0.014891546,0,0.09604048,0.175857313,0.073270738,0,0.236193732,0,0.032844368,0.320421588,0.562398793,0.137666446,0.02492335,0,0,0,0.046078112,0,0.050797189,0.067168118,0.069439858,0,0,0,0,0.100086931,0,0.054449356,0.004153892,0.041444541,0,0.069974342,0,0.010737654,0,0.032212963,0,0.011661448,0.290680354,0.022106713,0.067705146,0,0.246278776,0.338506958,0.086893532,0.148991277,0.017321417,0,0.280360893,0.158864132,0,0.084310299,0,0,0.008307783,0,0,0,0.069842627,0.069690902,0.020769459,0.083783685,0.022106713,0.020769459,0,0.016615567,0.025629201,0.012461675,0.039814897,0.306745527
,1,2,2,3,4,3,Hong Kong,2,1,4,2,0,0,1,1,0,0,1,0,0,0,0,1,0,0,0,0,0,0,0,0,0.219272213,0.434965571,0.916591957,0.168318547,0,0.047729604,0.013628872,0.517536493,0.06629201,0.136559863,0.319817912,1,0.045309973,0.053063333,0.230591936,0.13139782,0.125392413,0.324803627,0.203071898,0.042327661,0.185266147,0,0,0,0,0,0,0.104998911,0,0,1,0.006416888,0,0,0,0,0.010170527,0.040567103,0.006416888,0,0.104994516,0,0,0,0,0,0,0.012833776,0.02131644,0.068415434,0.012833776,0.375580162,0,0.0568606,0,0.056179131,0,0,0.052164697,0.218123247,0,0,0,0.016587414,0.025070079,0.026757941,0.580238001,0,0,0,0,0,0.032084439,0,0,0.713854716,0.333736377,0.02942119,0,0.026757941,0.006416888,0.204231794,0,0.012833776,0,0,0.026757941,0.074717319,0.055088741,0.055088741,0,0.006416888,0,0.043682033,0,0.137492407,0.044918215,0.012833776,0,0,0,0,0.012833776,0,0,0.02942119,0.012833776,0,0.267191441,0,0,0,0.006416888,0,0.016587414,0.229209043,0.02942119,0.020341053,0,0.176732009,0.278429556,0.006416888,0.119047314,0,0,0.065259268,0.012833776,0,0.006416888,0,0,0,0,0,0,0.084887845,0.006416888,0.006416888,0,0.012833776,0.010170527,0,0.019250663,0.006416888,0.016587414,0.019250663,0.183773622
,1,1,2,4,3,3,Inner Mongolia,2,1,6,3,1,0,0,0,0,0,0,1,0,0,0,0,0,0,1,0,0,0,0,1,0.235548513,0.444934625,0.982909192,0.161021271,0,0.043122453,0.016998467,0.561806754,0.066841547,0.129922383,0.27441232,1,0.051639474,0.073363629,0.235844679,0.149431605,0.111031319,0.317725568,0.192369292,0.047044102,0.182239235,0,0,0,0,0,0,1,0,0.025808944,0.73485336,0.085954841,0,0.015036604,0.009078249,0.016415237,0.096429121,0.04902681,0.027061687,0,0.134169922,0,0,0,0.130374818,0.128884842,0,0.049265441,0.615787773,0.042315067,0.042352544,0.12837297,0.018221047,0.058970723,0.015729368,0.170313552,0,0.046831554,0.082530291,0.126535674,0.013085786,0.002757267,0,0.088908696,0.041561944,0.014464419,0.544568998,0.037894415,0.025613029,0.034237586,0.005248947,0,0.046358763,0,0.001378633,0.081375993,0.069846427,0.006893167,0,0.016777865,0.035485721,0.061564849,0,0.011534091,0,0.001378633,0.437610515,0.383187638,0.155988794,0.130166287,0,0.12680194,0.040121667,0.142297443,0,0.097311245,0.078523902,0.020785402,0.001378633,0,0,0,0.036522554,0,0,0.011396868,0.023363949,0.007699616,0.047988827,0,0.006480183,0.009650434,0.006320982,0,0.021801407,0.043151209,0.011029067,0.030993203,0,0.108185489,0.143397324,0.005958354,0.061509574,0.027412982,0,0.077361013,0.036117205,0,0.013448414,0,0,0.019396613,0.001378633,0.010900704,0,0.091464864,0.015772764,0.005514534,0.0041359,0.015460435,0.004942349,0,0.018600319,0.02562185,0.005514534,0.030906,0.142990024
,1,2,2,3,2,3,Guangdong,2,1,5,1,0,0,0,1,1,0,0,0,1,1,1,1,1,0,1,0,0,1,0,0,0.243768034,0.449995911,0.879435694,0.160609181,0,0.053345505,0.011970093,0.593730733,0.082603754,0.114715146,0.240123832,1,0.049224536,0.089254753,0.250504231,0.154039324,0.151135005,0.341114869,0.19165204,0.044513708,0.178753748,0,0,0,0,0,0,0.072365834,0,0.007503828,0.364498708,0.007503828,0,0.007503828,0,0,0.079084031,0.038794226,0.019397113,0,0.06549281,0,0,0,0.007503828,0,0,0,0.074339599,0.13236236,0.015007655,0.30866332,0,0.041908596,0.007503828,0.036073563,0,0,0.067785249,0.039934831,0,0,0,0.039934831,0,0.034404768,0.239077434,0,0,0,0,0,0,0,0.011893285,0.019397113,0,0,0,0,0.007503828,0,0,0.044324289,0,0,0.301263033,0.125859748,0.276997402,0.011893285,0,0,0,0,0,0.22468367,0.156684871,0.03001531,0,0,0,0,0,0,0.007503828,0,0,0,0.019397113,0,0,0,0,0,0.007503828,0.144572001,0.032959193,0,0,0.366015283,1,0.034404768,0.597801951,0,0,0.007503828,0.015007655,0,0,0,0,0,0,0,0,0.007503828,0.011893285,0.007503828,0.056972489,0,0,0,0.007503828,0,0.015007655,0.015007655,0.076142876
,1,2,2,3,3,3,Jiangsu,2,1,4,1,1,0,1,0,1,0,0,0,1,1,1,0,0,0,0,0,1,0,0,0,0.233929677,0.493833937,0.836505375,0.205679512,0,0.049237674,0.014693796,0.58785433,0.082341114,0.132630841,0.245337118,1,0.048370961,0.083767455,0.25161052,0.147484986,0.15557854,0.322542803,0.187796731,0.043099428,0.175528225,0,0,0,0,0,0,0.146579493,0,0.041036683,0.776489934,0.078623429,0,0.059179917,0.007647056,0.011389828,0.099436211,0.159015473,0.509428264,0.026681593,0.389274085,0,0,0,0.015175443,0.057437739,0.006127019,0.19621669,0.116954895,0.538719533,0.075051255,0.074973814,0.016844866,0.069821428,0.005314608,0.059681747,0,0.021637701,0.14408706,0.258508202,0.055960738,0.005843577,0,0.4090638,0.017724462,1,0.293507332,0.035032951,0.023678553,0.03164689,0.001274509,0,0.132056099,0,0.06836657,0.337863642,0.191658572,0.102106101,0,0.041859571,0.063055501,0.11950457,0,0.053811203,0,0.012626424,0.139340292,0.087183095,0.09661076,0.050822457,0,0.007118087,0.005598049,0.014646474,0,0.122601443,0.237511748,0.112612343,0.010293977,0,0,0,0.396727266,0,0.0197843,0.092049168,0.37392015,0.012499565,0.165379714,0,0.131577701,0.100232017,0.089601077,0.111058018,0.064528285,0.192574539,0.053312366,0.007118087,0,0.031431666,0.064273656,0.002549019,0.024507308,0.017195492,0,0.085564376,0.058776988,0.016949964,0.048745378,0.006589118,0,0,0.004569068,0.006372547,0,0.151855123,0.014131075,0.017314161,0.012716136,0.042821494,0.011441627,0,0.044130206,0.061947324,0.010196074,0.04687207,0.841921986
,1,2,2,3,3,3,Sichuan,1,1,5,2,0,1,1,1,1,0,0,1,1,0,0,0,1,1,0,0,0,0,0,0,0.233119236,0.49088537,0.829945206,0.204344443,0,0.04869388,0.014531514,0.59997963,0.081573011,0.132422228,0.244387099,1,0.048420398,0.083999148,0.250439774,0.149459997,0.154001582,0.320095828,0.186268286,0.043224162,0.176476364,0,0,0,0,0,0,0.091969227,0,0.015918329,1,0.00615805,0,0,0.026158951,0,0.04055053,0.044152758,0.024058828,0.00615805,0.087472462,0,0,0,0.024632201,0.105433269,0,0.067651366,0.0123161,0.088055241,0.018474151,0.018474151,0,0.094401656,0.0376166,0.311266403,0,0,0.373800687,0.471192145,0,0.0123161,0,0.079619023,0.048274211,0.03439248,0.203840651,0,0,0,0,0.00615805,0.069147629,0,0.054547892,0.12875132,0.068534684,0.0327727,0,0.018474151,0.038475051,0.216828168,0,0.063996413,0,0.00615805,0.04670858,0.072387188,0.078545238,0.050310808,0,0.044152758,0,0.082470563,0,0.08146373,0.024632201,0.009760279,0,0,0,0,0.018474151,0,0,0,0.00615805,0.018474151,0.277803631,0,0.00615805,0,0,0.0123161,0.17114866,0.659834845,0.18192033,0.022076379,0,0.044152758,0.051357215,0.00615805,0.025678608,0,0,0.03439248,0.018474151,0,0,0,0,0,0.00615805,0.015918329,0.00615805,0.276461412,0.022076379,0.052293258,0.041920033,0.0123161,0.053405231,0,0.0123161,0.070074783,0.00615805,0.072057233,0.183232091
,1,1,2,4,5,1,Zhejiang,2,1,4,1,1,1,1,0,1,0,0,1,0,1,0,0,0,0,1,0,0,0,0,1,0.225469957,0.475306346,0.801405892,0.196870581,0,0.045255552,0.013415632,0.60557464,0.077481483,0.126160022,0.23586454,1,0.046834139,0.083232125,0.247450813,0.164026844,0.15350839,0.318905378,0.178564542,0.047812596,0.175517264,0,0,0,0,0,0,0.197487018,0,0.018669468,1,0.034232242,0,0.014963663,0.009111999,0,0.089605425,0.102097083,0.042447128,0.022585609,0.163035424,0,0,0,0.051807267,0.074679515,0,0.055413686,0.095302386,0.119573011,0.052262267,0.162261418,0,0.190329619,0.023610687,0.597965938,0,0.006918793,0.2581024,0.325989491,0.008423579,0,0,0.069669208,0,0.063155388,0.695132484,0.001383759,0,0.003576964,0,0.016666534,0.024568478,0,0.002193206,0.097705761,0.106606072,0.025095444,0.001383759,0.069059681,0.020243498,0.119374805,0,0.02498251,0.001383759,0.011305204,0.196113668,0.118505706,0.150841921,0.124855631,0,0.023840526,0.024531089,0.053772283,0,0.103747552,0.066876687,0.054055687,0.011085605,0,0,0,0.042663635,0,0.003212988,0.012899298,0.009921445,0.009557469,0.204373122,0,0.126508101,0.030477536,0.077798408,0.066866921,0.100508105,0.276929437,0.060078185,0.022436704,0,0.134851287,0.203202949,0.021814777,0.087715723,0.002193206,0,0.040106453,0.033729171,0.006344481,0.007153928,0,0,0.019519172,0.027596387,0.031610133,0.037327298,0.141593534,0.011305204,0.061980016,0.011305204,0.052933603,0.040834405,0,0.034081084,0.074226512,0.029989405,0.074027257,0.212489153
,1,2,2,2,4,3,Jiangsu,2,1,6,1,0,1,0,0,0,1,0,0,0,1,0,0,0,1,0,0,0,0,0,0,0.23461346,0.472838117,0.774994114,0.194269943,0,0.050394131,0.012680176,0.621438178,0.07493641,0.120876755,0.228723362,1,0.046501925,0.097418614,0.254475665,0.162692754,0.148093362,0.317594999,0.189719426,0.047538031,0.172459577,0,0,0,0,0,0,0.17293511,0,0.025609928,1,0.026643514,0,0.05724756,0.047394076,0.007331721,0.428506233,0.043569714,0.11391441,0.011193559,0.094447049,0.021781284,0.047917452,0,0.225476339,0.239907993,0.151412918,0.18317969,0.077613463,0.166817973,0.260131714,0.212760261,0,0.15206115,0.014462708,0.126025512,0,0.011465283,0.219209907,0.379225924,0.0169262,0.00319816,0,0.328086987,0.015990799,0.147350049,0.490096091,0,0,0,0.071102604,0,0.017861602,0,0,0.096674918,0.074078734,0.051263059,0,0.083463,0.164386968,0.069417686,0,0.04985701,0,0.015841909,0.070573478,0.185261366,0.138140644,0.085858726,0,0.200472335,0.062233695,0.23086824,0,0.198915837,0.250212946,0.188463186,0,0,0,0,0.130243058,0,0.020025392,0.010221826,0.008930801,0,0.286538486,0,0.019816305,0.01104467,0.064622331,0.019585414,0.081072647,0.319903328,0.064902534,0.037173395,0,0.139562035,0.128996905,0.049831656,0.089067681,0.011193559,0,0.19230506,0.161600858,0.030844178,0.138086024,0.020247194,0,0.004133561,0,0,0,0.415137751,0.115558482,0.025688807,0.026727413,0.07672763,0.03852038,0,0.045867131,0.072220538,0.013728041,0.050512877,0.36447226
,1,1,2,5,4,3,Shaanxi,2,1,6,2,1,0,1,0,0,0,0,1,1,1,0,0,0,0,0,0,0,0,0,0,0.234152853,0.472360623,0.773668026,0.194005066,0,0.050076298,0.012538084,0.629853886,0.074652996,0.120379266,0.227774054,1,0.046160726,0.109911783,0.253725276,0.165690258,0.147320264,0.316964749,0.189950347,0.04748957,0.174149526,0,0,0,0,0,0,0.369357546,0,0.010356134,0.825217905,0.010356134,0,0,0,0,0.132399389,0.041424535,0.10435685,0.016414084,0.066894738,0,0,0,0.911031386,0.04618247,0,0.016414084,0.063896569,0.119339549,0.118590274,0.047482485,0,0.063896569,0,0.380205784,0,0,0.536665503,0.461713355,0,0.037126351,0,0.123799256,0,0.040460282,0.156137519,0,0,0,0,0,0.031068401,0,0.016414084,0.029073343,0.020712268,0,0,0.034402332,0.010356134,0.138056759,0,0,0,0,0.041424535,0.031068401,0.126643282,0.057838619,0,1,0.366679201,0.973746778,0,0,0.041424535,0.024046198,0,0,0,0,0.123494954,0,0,0,0,0,0.474349959,0,0,0,0,0,0.111922413,0.776513092,0.207918188,0.020712268,0,0.041424535,0.020712268,0.075638931,0.057838619,0,0,0.104521943,0.020712268,0.020712268,0.055114599,0,0,0,0,0.016414084,0,0.197372805,0.118288431,0.10490021,0.299194885,0.104467115,0.079456663,0,0.267804864,0.051780669,0,0.195660085,0.167746905
,1,2,2,3,4,3,Tianjin,2,1,2,1,1,1,0,0,0,0,0,0,1,1,0,0,0,1,0,0,0,1,0,0,0.267482637,0.566261274,0.680680007,0.164462336,0,0.007351357,0.002423708,1,0.148464044,0.075804195,0.063906454,0.840527252,0.109950743,0.106586613,0.198587751,0.231404021,0.912705917,0.207674218,0.46124425,0.033124965,0.203438566,0,0,0,0,0,0,1,0,0.012248789,0.79448549,0.079517338,0,0.052938385,0,0.028440807,0.205018772,0.120900014,0.068409027,0.012248789,0.098931209,0,0,0,0.012248789,0.043911449,0,0.142266129,0.534587313,0.065187174,0.043911449,0.105155393,0,0.036746367,0.012248789,0.071133064,0,0,0.048995156,0.081379192,0,0,0,0.019413871,0.056160238,0.066871425,0.445371831,0,0,0,0,0.012248789,0.024497578,0,0,0.090546936,0.036746367,0,0,0.043911449,0.108651225,0.09498798,0,0.034386698,0,0.012248789,0.642939096,0.385517119,0.123428787,0.012248789,0,0.012248789,0,0,0,0.084304042,0.03166266,0,0,0,0,0,0.043911449,0,0,0,0,0,0.088894212,0,0.012248789,0,0,0.012248789,0,0.088778334,0,0.048995156,0,0.012248789,0.188016877,0.012248789,0.043911449,0,0,0.100071687,0.078298147,0,0,0,0,0,0,0,0,0.028440807,0,0,0.034386698,0,0,0,0.024497578,0.012248789,0.012248789,0.043911449,0.036746367
,2,2,3,3,3,4,Jiangsu,2,1,4,2,0,0,0,0,0,0,1,1,0,1,0,1,0,0,0,0,0,0,0,0,0.211613132,0.328210026,1,0.095662969,0,0.08258439,0.013604247,0.531054099,0.076632705,0.057433672,0.072641563,0.681422244,0.042812839,0.041941438,0.170282137,0.143722419,0.184138256,0.171432654,0.15180243,0.050112809,0.139429772,0,0,0,0,0,0,0,0,0,0.566499227,0,0,0,0,0,0.182983503,0,0,0,0,0,0,0,0,0,0,0,0,0.230899473,0,0,0,0.182983503,0,0,0,0,1,0.702795982,0,0,0,0,0,0,0.268065987,0,0,0,0,0,0.115449737,0,0,0,0.115449737,0,0,0,0,0,0,0,0,0,0,0,0,0,0,0,0,0,0,0,0,0,0,0,0,0,0,0,0,0,0,0,0.324108386,0,0,0,0,0,0,0.413882976,0.182983503,0,0,0.115449737,0,0,0,0,0,0,0.115449737,0,0,0,0,0,0,0,0,0.115449737,0,0,0.542664527,0,0,0,0,0,0,0,0.115449737
,1,1,2,5,6,3,Hong Kong,2,1,5,2,1,1,1,1,1,1,0,0,1,1,0,0,0,0,0,0,0,1,0,0,0.219112639,0.322815333,1,0.093865255,0,0.077544188,0.025167637,0.506160589,0.074795977,0.056041345,0.072573317,0.6778307,0.042935535,0.040229666,0.169595767,0.137302209,0.173709323,0.17469497,0.152441093,0.049142243,0.143114442,0.007146299,0,0,0,0,0,0.623046802,0.082016262,0.022653232,1,0.123460354,0,0.167717446,0.021438898,0,0.584423585,0.098456388,0.116547826,0.018472915,0.250379698,0,0,0,0.007146299,0.18079988,0,0.06486564,0.879587936,0.100972084,0.09842108,0.191348979,0.09445082,0.06849701,0,0.102712794,0,0.028585197,0.048272447,0.069420905,0.014292598,0,0,0.128378554,0.027919809,0.095003232,0.567929086,0.196433205,0.132767979,0.177447229,0,0,0.047058112,0,0.007146299,0.014292598,0.167619173,0.029799532,0,0.052579268,0.03750326,0.095519737,0,0.098323355,0,0.007146299,0.550826929,0.522955911,0.245092167,0.057170393,0,0,0,0.033979849,0,0.260658888,0.113010011,0.028585197,0,0,0,0,0.032765514,0,0.027208497,0.007146299,0,0.018472915,0.052324689,0,0.011326616,0,0.011326616,0.016593193,0.014292598,0.048647395,0.018472915,0.028585197,0,0.138765783,0.170028945,0.094728617,0.070797604,0,0,0.113675399,0.103474134,0,0.164744771,0,0,0.018472915,0.018472915,0.007146299,0,0.113157867,0,0,0,0,0.011326616,0,0.263224275,0.021438898,0.115911354,0.095330559,0.184827679
,1,2,2,3,2,3,Hubei,2,1,5,2,1,0,1,1,1,1,1,0,1,1,0,1,1,0,1,0,1,0,0,0,0.213215442,0.385531697,1,0.145990821,0,0.067064322,0.021404056,0.545833295,0.071037095,0.11032642,0.268097004,0.913094505,0.039867297,0.055984373,0.231490058,0.144002558,0.158139848,0.267930399,0.209745263,0.048907981,0.174105441,0,0,0,0,0,0,0.246938148,0,0.019194266,1,0.005077915,0,0.001692638,0.001692638,0.001692638,0.046210414,0.099397744,0.064934222,0.001692638,0.183889833,0,0,0,0.027054636,0.025074376,0,0.096785149,0.054225064,0.0861696,0.120620683,0.172100215,0,0.108445302,0,0.060786491,0,0.003385277,0.063957046,0.134138169,0,0,0,0.139254301,0.007760684,0.150006874,0.489511489,0,0,0,0,0.001692638,0.178618748,0,0.120428429,0.433110148,0.295676388,0.098703082,0,0.064768202,0.072214229,0.160657457,0,0.004375407,0,0.003385277,0.036540303,0.088881796,0.124143706,0.048198827,0,0.027914745,0.007058175,0.047864595,0,0.071628913,0.080182027,0.033416325,0,0,0,0,0.071619577,0,0,0.281326339,0.104827647,0.006770554,0.105714183,0,0,0,0.011848469,0.003385277,0.017313692,0.065503095,0.022253465,0.024529468,0,0.139443139,0.149753333,0.001692638,0.064330543,0,0,0.180502205,0.217126312,0,0.069205683,0.011690869,0,0.004375407,0,0,0.001692638,0.075013056,0.014531238,0.007760684,0.008611235,0.007760684,0.024262624,0,0.02733138,0.04772449,0.011848469,0.066612925,0.296128714
,1,2,2,3,3,3,Hebei,2,1,4,1,0,0,0,0,0,0,0,0,1,1,0,0,0,0,0,0,1,1,0,0,0.214402113,0.406664577,0.961590368,0.154311838,0,0.062870459,0.0192018,0.529902927,0.066689105,0.124977693,0.349104401,1,0.043646642,0.052830666,0.245368356,0.140175379,0.148008777,0.304518501,0.236277622,0.047482332,0.182834774,0,0,0,0.001486241,0,0,0.093368436,0,0.022016847,1,0.005944963,0,0.031912435,0.002355636,0,0.086855633,0.081306918,0.059558087,0.001486241,0.240233261,0,0,0,0.004937185,0.054633363,0.007144887,0.10041842,0.054935795,0.106069971,0.112733119,0.283875338,0,0.12856452,0.006814359,0.053103414,0,0.007144887,0.031146762,0.057506806,0.004458723,0,0,0.074183581,0.005328118,0.127720037,0.49741313,0,0,0,0.004937185,0.006814359,0.076867834,0,0.025449848,0.827704108,0.388909411,0.040016757,0,0.052179328,0.055979245,0.151729585,0,0.033443612,0,0.018670518,0.043142749,0.064257464,0.072881985,0.02787428,0,0.001486241,0,0.00978684,0,0.106317569,0.115445963,0.02530757,0.010420372,0,0,0,0.036367025,0,0.032001951,0.039825105,0.096983547,0.025229134,0.039567023,0,0,0,0.00978684,0.001486241,0.01236839,0.062363801,0.008014282,0.017218045,0,0.144400785,0.196169887,0.024555078,0.044343704,0.002972482,0,0.256686801,0.0536726,0.035789849,0.059403345,0,0,0.001486241,0,0.001486241,0.001486241,0.039048322,0.004711272,0.004458723,0,0.005944963,0.016128313,0,0.028683272,0.038393897,0.011889927,0.03274267,0.253183299
,1,2,2,3,4,3,Beijing,2,1,5,1,0,0,0,1,0,0,1,0,0,0,0,1,0,0,0,0,1,1,0,0,0.208030776,0.423433128,0.931820014,0.167318326,0,0.060304035,0.018374043,0.523882338,0.06398051,0.152182166,0.35478223,1,0.042415767,0.059257619,0.246400664,0.1368786,0.1438702,0.309134427,0.230379747,0.047336001,0.185272776,0,0,0,0,0,0,0.115329785,0,0.028134605,1,0,0,0,0.006747029,0,0.013494058,0.241099525,0.566132843,0,0.163747707,0,0,0,0.148267361,0.096301782,0,0.033106933,0.059848609,0.553589098,0.046600992,0.229522812,0,0.155546653,0,0.098303239,0,0,0.068817486,0.245754514,0.006747029,0,0,0.503343894,0.025688334,0.567372932,0.414672141,0,0,0.006747029,0,0,0.345349491,0,0.3786297,0.581438962,0.435908715,0.112538421,0,0.026988116,0.006747029,0.140623944,0,0.043800722,0,0,0.039853963,0.072007164,0.088229655,0.103677023,0,0.13400328,0.024187846,0.208817112,0,0.170512186,0.157499962,0.137742931,0,0,0,0,0.440549105,0,0,0.583753699,0.58205156,0.013494058,0.133312116,0,0.035407919,0.006747029,0.039853963,0.013494058,0.046600992,0.123586208,0.030934875,0.006747029,0,0.339263118,0.238541326,0.05729478,0.10929966,0,0,0.051175962,0.028134605,0.006747029,0.067621207,0,0,0.006747029,0,0,0.006747029,0.170448051,0.040482174,0,0.006747029,0.030087915,0,0,0.175719907,0.140196438,0.026988116,0.089376144,0.797453834
,3,2,2,3,3,1,Beijing,1,1,5,1,0,0,1,1,1,0,1,0,1,1,0,0,0,0,0,0,1,0,0,0,0.204823764,0.451620579,0.950675828,0.17306264,0,0.051953893,0.015360184,0.531351396,0.07153438,0.144422707,0.324474317,1,0.039784102,0.056201037,0.244012239,0.140236156,0.137864182,0.295961737,0.207673004,0.044661745,0.182994447,0,0,0,0,0,0,0.029956658,0,0.014978329,1,0,0,0,0,0,0,0.089529666,0.09469192,0.014978329,0.110724563,0,0,0,0,0,0,0,0,0.11843201,0,0.029956658,0,0.014978329,0,0.137350155,0,0,0.146508425,0.182434687,0,0,0,0.064735261,0,0.435548328,0.270579663,0,0,0,0,0,0.385348142,0,0.057027815,0.857767587,0.67215097,0.083653406,0,0.014978329,0.014978329,0.184014798,0,0,0,0,0,0,0.068675077,0.053696748,0,0.014978329,0,0.02374009,0,0.014978329,0,0.014978329,0,0,0,0,0.109670249,0,0,0.428561377,0.260033914,0,0.114492194,0,0,0,0,0,0.057027815,0.435087419,0.22559923,0,0,0.044934987,0.02374009,0,0.068675077,0,0,0.029956658,0,0,0,0,0,0,0,0,0,0.111729822,0.083653406,0.055426404,0,0.014978329,0.02374009,0,0,0.014978329,0,0,0.119826633
,5,1,2,4,4,3,Oversea,2,1,6,2,1,1,1,0,0,0,0,1,1,0,0,1,0,0,0,0,0,1,0,0,0.209070795,0.453727283,0.95215971,0.17327665,0,0.052130955,0.015139285,0.530667176,0.071501508,0.144788218,0.324650692,1,0.042154963,0.055906246,0.243667306,0.139692768,0.137614747,0.295329705,0.20691105,0.044387832,0.182373698,0,0,0,0,0,0,0.293033551,0,0.262859072,0.518953943,0.044500413,0,0.703964539,0.044500413,0,1,0.204032725,0.115031899,0,0.461305621,0,0,0,0,0.442706451,0.21392928,0.568189477,0.185563385,0.198446549,0,0,0,0,0,0,0,0,0,0.115031899,0.133501239,0,0,0.19545994,0,0.044500413,0.218358659,0,0,0,0,0,0.133501239,0,0,0.351859898,0.089000826,0,0,0,0.115031899,0,0,0.439235307,0,0.307359485,0.369521674,0.406027168,0.489504544,0.044500413,0,0,0,0,0,0,0.044500413,0.089000826,0,0,0,0,0.070531486,0,0.512781456,0,0.070531486,0,0,0,0,0,0.089000826,0,0.164671096,0,0,0.115031899,0,0.044500413,0,0,0.044500413,0,0,0,0,0,0,0,0,0,0,0,0,0.115031899,0,0,0,0,0,0,0,0,0,0,0.115031899
,4,2,2,3,3,3,Guangdong,2,1,4,1,0,0,1,0,0,0,0,0,1,1,1,0,0,0,0,0,0,0,0,0,0.22897124,0.451521801,0.947799567,0.17485597,0,0.05034177,0.014374758,0.527461204,0.069736711,0.141415045,0.315252555,1,0.047514683,0.054724048,0.237914762,0.136854029,0.131613197,0.3077126,0.210610117,0.042879688,0.176867133,0,0,0,0,0,0,0,0,0,0.253678119,0,0,0,0,0,0,0,0,0,0,0,0,0,0,0,0,0,0,0,0,0,0,0,0,0,0,0,0.845944869,0.553692662,0,0,0,0,0,0,0.253678119,0,0,0,0,0,0,0,0,0,0,0,0,0,0,0,0,0,0,0,0,0.253678119,0,0,0,0,0,0,0,0,0,0,0,0,0,0,0,0,0,0,0,0,0.371631727,0,0,0,0,0,0,0,0,0,0,0,0,0,0,0,0,0,0,0,0,0,0,0,0,0,0,1,0,0.160053073,0,0,0,0,0,0,0,0,0.160053073
,5,1,2,4,4,3,Hunan,1,1,5,1,0,0,0,0,1,0,0,1,0,0,0,0,1,0,0,0,0,1,0,0,0.224319758,0.443121924,0.935186792,0.171196986,0,0.048920526,0.013968931,0.517898963,0.067857001,0.138935129,0.31284501,1,0.046262343,0.053691785,0.232845408,0.133487942,0.128432044,0.319632354,0.206787351,0.042618966,0.186199409,0,0,0,0,0,0,0.098704536,0,0.023296981,1,0.005824245,0,0,0,0,0.020879701,0.068105737,0.047134203,0.005824245,0.056334578,0,0,0,0,0.080160326,0,0.015055456,0.255193607,0.044176683,0.020879701,0.340639476,0,0.060117442,0,0.032528192,0,0,0.011648491,0.073556471,0,0,0,0.034945472,0.005824245,0.039342122,0.521531002,0,0,0,0,0,0.048878916,0,0.005824245,0.226423044,0.162098667,0.035935157,0,0.050448321,0.027999215,0.540764933,0,0,0,0.005824245,0.373368368,0.087268781,0.104398506,0.062096811,0,0,0,0.033517877,0,0.041759402,0.005824245,0,0,0,0,0,0.056814858,0,0,0.005824245,0.015055456,0,0.098337551,0,0,0.011648491,0.017472736,0.005824245,0.005824245,0.108506418,0.029630632,0.017472736,0,0.3839192,0.396353834,0.085567049,0.14071074,0,0,0.079569547,0.032528192,0,0.005824245,0,0,0,0,0,0,0.020879701,0,0,0,0,0,0,0.108690774,0.107997759,0.023296981,0.155786129,0.245686346
,1,1,2,4,5,3,Guangdong,2,1,1,3,1,1,1,0,1,0,0,0,1,1,0,1,0,0,1,1,0,0,0,0,0.227889951,0.452467714,0.901622612,0.176279733,0,0.046730548,0.013113979,0.526168218,0.066138814,0.140994532,0.309965255,1,0.050197313,0.052769446,0.231359175,0.128096725,0.125375864,0.318230051,0.198756078,0.042057046,0.189344869,0.004605405,0,0,0,0,0,0.281501173,0,0.071773446,1,0.05440725,0,0.117268066,0.050230651,0.028227832,0.387893652,0.131074714,0.421123543,0.016510205,0.30171831,0,0,0,0.051973851,0.279295506,0.026745223,0.443559081,0.221045083,0.318965705,0.034931826,0.058230082,0,0.190344861,0.019204194,0.061248242,0,0.0119048,0.188166833,0.382789507,0.030326421,0,0,0.270430456,0.00921081,0.469564243,0.401551663,0,0,0,0.017534412,0.052924641,0.114788862,0,0.004605405,0.07673424,0.041448647,0.004605405,0,0.018421621,0.055160228,0.131316348,0,0.173107754,0,0.065853648,0.221068619,0.145744789,0.192035966,0.059336827,0,0,0.00921081,0.03302041,0,0.180977971,0.106482541,0.044142637,0,0,0,0,0.284185262,0,0.071490036,0.013816216,0.294178327,0.029115041,0.193144907,0,0.069571844,0.071565798,0.066600973,0.052204066,0.143962848,0.171899938,0.056747472,0.072183974,0,0.091600977,0.124780724,0.01069342,0.028415005,0.016510205,0,0.06873481,0.01990423,0,0.061232404,0,0,0.00921081,0,0.004605405,0,0.415219556,0,0.0119048,0.004605405,0.013816216,0,0,0.063346831,0.147826553,0.032237837,0.235273469,0.605167281
,2,2,2,3,2,3,Beijing,1,1,6,1,0,0,1,0,0,0,0,1,0,1,0,1,0,0,0,0,0,0,0,0,0.227584868,0.452323337,0.900582632,0.176043742,0,0.046667988,0.013096423,0.527018191,0.066050272,0.140889304,0.30980087,1,0.050130113,0.052782327,0.231049447,0.128827247,0.12520802,0.31793641,0.198657047,0.042084268,0.189174912,0,0,0,0,0,0,0.10144065,0,0,1,0,0,0,0,0,0,0,0,0,0.10144065,0,0,0,0,0,0,0.458873065,0,0,0,0,0,0,0,0.672486245,0,0,0.336978545,0.336978545,0,0,0,0,0,0,0.422999903,0,0,0,0,0,0.10144065,0,0,0.2028813,0.10144065,0,0,0,0,0,0,0,0,0,0,0,0.10144065,0.10144065,0,0.10144065,0,0,0,0,0,0,0,0,0,0,0,0,0,0,0,0,0.57251644,0,0,0,0,0,0,0.539859845,0,0,0,0,0.160779626,0,0,0,0,0.2028813,0,0,0,0,0,0,0,0,0,0,0.10144065,0,0,0.10144065,0.321559253,0,0,0.10144065,0,0,0.2028813
,5,2,2,3,2,3,Guangdong,2,1,5,1,0,0,1,1,0,0,1,0,0,0,0,1,0,0,0,0,0,1,0,0,0.227565861,0.45228556,0.900507417,0.176029039,0,0.046664091,0.013095329,0.526974175,0.066044755,0.140877537,0.309774996,1,0.050125926,0.052777919,0.23103015,0.128816488,0.125197563,0.320672821,0.198640456,0.042080753,0.189159112,0,0,0,0,0,0,0,0,0,0.051631526,0,0,0,0,0,0,0,0,0,0,0,0,0,0,0,0,0,0,0,0,1,0,0,0,0,0,0,0,0,0,0,0,0,0,0,0,0,0,0,0,0,0,0,0,0,0,0,0,0,0,0,0,0,0,0,0,0,0,0,0,0,0,0,0,0,0,0,0,0,0,0,0,0,0,0,0,0,0,0,0,0,0,0,0,0,0,0,0,0.309789153,0.398298264,0,0,0,0,0,0,0,0,0,0,0,0,0,0,0,0,0,0,0,0,0,0,0,0,0,0
,5,1,2,4,4,3,Beijing,2,1,1,2,1,0,0,0,0,0,0,1,1,1,0,0,0,0,0,0,0,0,0,0,0.227485416,0.451908765,0.91360748,0.174937171,0,0.046317837,0.01299816,0.540294484,0.066084607,0.140426582,0.307725122,1,0.049836884,0.05322937,0.230246728,0.129412032,0.124765971,0.319377434,0.197746807,0.041851407,0.189911727,0,0,0,0,0,0,1,0,0.007819371,0.490695948,0.029771119,0,0.038368796,0.007819371,0.02021278,0.066400946,0.046188166,0.02803215,0.007819371,0.046738566,0,0,0,0.0560643,0.031277482,0,0.02021278,0.156452247,0.007819371,0.023458112,0.049433498,0,0.041614128,0,0.099417396,0,0.015638741,0.210945347,0.218170165,0,0,0,0.087023987,0.007819371,0.012393409,0.107554562,0,0,0,0,0.007819371,0.040425559,0,0,0.007819371,0.007819371,0.007819371,0,0.031277482,0.023458112,0.033794757,0,0,0,0,0.160527522,0.321764498,0.203726626,0,0,0.015638741,0,0.007819371,0,0.007819371,0.007819371,0.030549425,0,0,0,0,0.044999598,0,0,0.007819371,0,0,0.493909731,0,0.046916223,0,0,0,0.061826907,0.441387414,0.025975387,0.007819371,0,0.02021278,0.012393409,0,0.02021278,0,0,0.023458112,0,0.007819371,0,0,0,0,0,0,0.007819371,0.165232634,0.007819371,0.007819371,0.007819371,0.031277482,0,0,0.015638741,0.059770144,0.015638741,0.078540839,0.046916223
,2,1,2,4,5,3,Hong Kong,2,1,5,2,1,1,1,1,1,1,0,1,1,0,0,0,0,0,0,0,0,0,0,0,0.232630812,0.451299944,0.942206084,0.173644031,0,0.04594095,0.012892395,0.53654825,0.066197012,0.139530605,0.305303391,1,0.049513586,0.052796243,0.229145485,0.129320491,0.123750752,0.317320105,0.199932289,0.041510862,0.190247214,0,0,0,0,0,0,0.317903942,0,0.008498091,0.206254762,0.010983623,0,0.076529783,0.018364069,0.012747137,0.144023939,0,0.021245228,0.008498091,0.030465338,0,0,0,0,0.066886211,0,0.024452779,0.134744147,0.006734578,0.069813742,0.004249046,0,0.011928579,0.02042667,0.015232669,0,0.016600556,0.009865978,0.010983623,0,0,0,0.061153613,0.045023693,0,0.094061765,0,0,0,0,0,0.004249046,0,0,0,0.004249046,0,0,0.036082271,0.054745428,0.019481715,0,0.004249046,0,0,0.121188083,0.226583549,1,0,0,0,0,0,0,0.008498091,0.012747137,0.006734578,0,0,0,0,0.012747137,0,0,0,0,0,0,0,0,0,0,0,0,0,0,0.035321819,0,0.010983623,0.008498091,0,0.004249046,0.009865978,0,0.117777436,0,0,0.004249046,0.004249046,0,0,0,0,0,0.012747137,0,0,0.023469867,0.004249046,0.006734578,0,0,0.031695465,0,0.046015986,0.029347693
,1,1,2,5,4,3,Fujian,2,1,5,2,1,1,0,0,1,0,0,1,0,1,0,1,1,0,1,0,1,0,1,0,0.239271739,0.463335765,0.919699621,0.172142537,0,0.04685274,0.012152835,0.578023583,0.064547433,0.134614141,0.289595094,1,0.05564408,0.055366169,0.24157509,0.150329588,0.120015509,0.321455343,0.197487214,0.042231345,0.186177451,0,0,0,0,0,0,0.364640763,0,0.040349581,1,0.035588511,0,0.065186383,0.023091599,0.002200908,0.267583443,0.169454875,0.103087718,0.030068311,0.320716227,0.006602723,0.039206486,0,0.043403376,0.197927813,0.056798828,0.234349762,0.129070941,0.187673736,0.068289982,0.229132931,0,0.184545562,0.013579435,0.445559612,0,0.016269808,0.50828013,0.365405746,0.014216612,0,0,0.209468889,0.006602723,0.083717513,0.415130009,0,0,0.002200908,0.006602723,0.059719006,0.036816607,0,0,0.045604284,0.05369938,0.004401815,0.002200908,0.063610548,0.04331075,0.054298078,0,0.105419336,0,0.072113471,0.146977047,0.312719558,0.085960651,0.079944791,0,0.038163408,0.010091079,0.07734624,0,0.264699339,0.213473663,0.107245214,0,0,0,0,0.093669682,0,0.027562124,0.002200908,0.019905876,0.012781452,0.240933715,0,0.045801261,0.019369967,0.038871942,0.013205446,0.141980644,0.377061254,0.103281486,0.043478682,0,0.188978543,0.178000337,0.040640444,0.055778926,0.020671623,0,0.102732189,0.063309252,0.004401815,0.040609411,0.012665976,0,0.002200908,0.005689264,0.007890171,0,0.353989538,0.065486983,0.063593792,0.215508304,0.039509119,0.070286221,0,0.045020285,0.05394375,0.004401815,0.070385234,0.285772179
,2,2,2,3,2,3,Shaanxi,2,1,5,1,0,0,1,0,1,0,0,0,0,0,0,1,0,1,0,0,0,0,1,0,0.23844132,0.459987809,0.914742432,0.171086343,0,0.04642497,0.012041878,0.583329058,0.064307999,0.134172795,0.288115394,1,0.055212357,0.055089609,0.2410068,0.150603394,0.118919755,0.318946628,0.198763585,0.041998394,0.189305914,0,0,0,0,0,0,0.274006314,0,0,1,0.047813319,0,0,0.018496717,0.036993433,0.167291596,0,0,0,0.118236884,0,0,0,0.05549015,0.123936135,0,0.029316602,0.072264649,0.018496717,0.37504341,0,0,0.142432852,0,0.247921569,0,0,0.297368304,0.326085215,0,0,0,0.066310036,0,0.106446524,0.43614238,0,0,0,0,0,0.1109803,0,0,0.189727997,0.073986867,0.018496717,0,0.036993433,0.600661607,0.226623143,0,0.018496717,0,0,0.084806752,0.121238373,0.281414951,0.018496717,0,0,0,0,0,0.029316602,0.169613505,0.05549015,0,0,0,0,0,0,0,0.042948046,0.036993433,0,0.557209262,0,0,0,0,0,0.189199562,0.807282573,0,0.018496717,0,0,0.029316602,0.036993433,0.036993433,0,0,0.092483584,0.103303469,0,0.07994148,0.095626638,0,0,0,0,0.018496717,0.387941376,0,0.047813319,0.029316602,0.073986867,0,0,0.095626638,0.308935357,0.018496717,0.520599803,0.139161194
,1,1,2,4,5,3,Jiangsu,2,1,5,2,1,1,1,0,1,1,0,0,0,0,0,0,1,0,0,0,0,0,1,0,0.25965048,0.453359094,0.963666498,0.159062846,0,0.042254068,0.015996467,0.586965876,0.069761609,0.127261683,0.265764182,1,0.055302863,0.095015563,0.24550958,0.149393483,0.136530262,0.308403192,0.199428441,0.047003984,0.181716024,0,0,0,0,0,0,0.456865907,0,0.04253793,1,0.139755124,0,0.118979205,0.111962859,0.023581906,0.613812152,0.250303148,0.110518185,0.04220706,0.297811922,0,0,0,0.306413342,0.458589577,0.042873017,0.150377982,0.159857765,0.150945047,0.176524405,0.067399281,0,0.198479959,0.021298038,0.140731771,0,0.028586824,0.192500526,0.647421094,0.060556815,0.002559267,0,0.272363606,0.017003404,0.111079478,0.634893309,0,0,0.004056343,0.019742816,0.047439211,0.056311085,0,0,0.094121925,0.110059302,0.033467067,0,0.086523771,0.128540703,0.072771147,0,0.096483254,0.002559267,0.071768509,0.196054269,0.265953013,0.156687849,0.063550966,0,0.265113878,0.093399971,0.322466062,0,0.330379475,0.185233757,0.146364786,0.007677802,0,0,0,0.117064491,0,0.035433056,0.024373341,0.032486026,0.015790487,0.320313099,0,0.397916658,0.272336278,0.249188763,0.292411899,0.182807919,0.192949808,0.064598707,0.088398244,0,0.062993561,0.085029149,0.007677802,0.077316015,0.029845607,0,0.193533132,0.136671909,0.040651838,0.105947774,0.018349755,0,0.010237069,0.011734145,0.014293412,0.002559267,0.501617301,0.018738771,0.013972145,0.037604561,0.100176726,0.019411946,0,0.089941809,0.097541327,0.00661561,0.09355189,0.203338621
,1,2,2,2,3,3,Guangdong,1,1,6,2,1,0,0,1,1,0,0,1,1,1,0,1,0,0,1,0,1,0,0,0,0.255872832,0.451870485,0.949583329,0.159931052,0,0.041385723,0.015586166,0.583596116,0.068413414,0.125848845,0.266581344,1,0.054594539,0.094905624,0.247057037,0.149205929,0.134082961,0.311585054,0.197124402,0.046818101,0.181952244,0,0,0,0,0,0,0.086354384,0,0.006947002,1,0.006947002,0,0,0,0,0.068569448,0.108159703,0.141891178,0,0.159284795,0,0,0,0.057494257,0.013894005,0,0.153326418,0.046547971,0.150637911,0.024904743,0.293578829,0,0.161812565,0.013894005,0.203969607,0,0,0.078777966,0.144435553,0,0,0,0.128587453,0.006947002,0.234992386,0.460202847,0,0,0,0,0,0.092389631,0,0,0.302492467,0.230361282,0.05830145,0,0.047982186,0.028968479,0.171969817,0,0.036971448,0,0.011010738,0.02778801,0.078205101,0.084544499,0.070003663,0,0.04391845,0,0.076298883,0,0.306489407,0.083615328,0.079142457,0,0,0,0,0.030024445,0,0,0.006947002,0.006947002,0,0.099082888,0,0,0,0.006947002,0,0.034735012,0.204703771,0.020841007,0.011010738,0,0.299284886,0.263644389,0.020841007,0.049809487,0,0,0.073375924,0.024904743,0.006947002,0.022021477,0,0,0.006947002,0,0.011010738,0,0.150367492,0.035915482,0.034088181,0,0.013894005,0.024904743,0,0.052692753,0.05830145,0.031851746,0.066586758,0.330283629
,1,1,2,5,5,2,Zhejiang,2,1,4,1,1,0,0,1,0,1,0,0,1,0,0,1,1,0,0,0,0,0,0,0,0.25588103,0.454336207,0.935344179,0.158840027,0,0.061927259,0.014554813,0.577980212,0.066867173,0.123682773,0.25254095,1,0.054805492,0.091432477,0.247097262,0.159439744,0.128175064,0.309741198,0.196614987,0.047298344,0.177498004,0.001710012,0,0,0,0,0,0.288930873,0,0.052588642,1,0.045063839,0,0.052122972,0.00784034,0.004420316,0.200828399,0.078866026,0.192034574,0.021361217,0.218986481,0.258823192,0.28943741,0,0.028231911,0.080148568,0.042531582,0.07957196,0.220373413,0.137650064,0.141495382,0.17045409,0,0.160642207,0.066351335,0.461543304,0,0.012260657,0.192424855,0.169220747,0.018297879,0,0,0.210141731,0.002710305,0.127200246,0.390338487,0,0,0,0.058794396,0.028933765,0.062067597,0,0,0.056588106,0.031330714,0.012520584,0.001710012,0.070582681,0.023191595,0.038885294,0,0.032559121,0.001710012,0.018650912,0.471723184,0.212697638,0.147277764,0.066772857,0,0.019100704,0,0.030987483,0,0.096373163,0.148471593,0.051796295,0,0,0,0,0.10216339,0,0.024834625,0.00910056,0.020745619,0.027422047,0.188047728,0,0.026529501,0.003420024,0.03266867,0.020100997,0.02119101,0.16030511,0.041216908,0.063665297,0,0.156750539,0.119749158,0.020827789,0.056073103,0.015390107,0,0.047422335,0.023230447,0.005130036,0.039928825,0.092545018,0,0.002710305,0.001710012,0.013970668,0.014680388,0.121560353,0.026871546,0.068944169,0.005130036,0.0090381,0.016390399,0,0.032268547,0.05791447,0.01068403,0.071913242,0.360555984
,1,2,2,2,2,3,Guangdong,2,1,4,1,0,0,1,1,1,0,1,0,0,1,1,1,0,0,0,0,0,0,0,0,0.246497622,0.445952337,0.901434571,0.166244027,0,0.058656134,0.013785998,0.571670924,0.063567299,0.121207777,0.260779335,1,0.053194618,0.088403296,0.249621684,0.155617517,0.141101475,0.313670546,0.198917644,0.046057344,0.176222991,0,0,0,0,0,0,0.252550269,0,0.014115994,1,0.007057997,0,0.006081552,0,0,0.096656781,0.143821792,0.105515624,0.002352666,0.150630408,0,0,0,0.010786884,0.045185528,0,0.042276804,0.099166278,0.363647611,0.120023653,0.202503976,0,0.095081001,0.004705331,0.105029998,0,0.007057997,0.064792409,0.317465886,0.002352666,0,0,0.0970819,0.004705331,0.276501802,0.743354927,0,0,0,0,0,0.047810701,0,0.007057997,0.436856488,0.358974145,0.078741678,0,0.038625717,0.010168052,0.132466852,0,0.043609591,0,0.006081552,0.065697746,0.137800509,0.061130972,0.03311804,0,0.010786884,0.010333654,0.041066548,0,0.32264668,0.149404847,0.064195467,0,0,0,0,0.091208943,0,0.002352666,0.021573767,0.059048353,0.014873383,0.209605668,0,0.24002271,0.195120315,0.153070502,0.210111362,0.070366424,0.088733171,0.039557205,0.014873383,0,0.202122082,0.295783612,0.021712324,0.100263115,0,0,0.142496513,0.118309135,0.031288589,0.089980963,0.012163105,0,0,0.008434218,0.009410662,0,0.188808696,0.002352666,0.009410662,0.003728887,0.062177402,0.006081552,0,0.071651201,0.079687681,0.009410662,0.035113093,0.348756561
,4,1,2,4,5,3,Zhejiang,1,1,1,1,1,0,1,0,1,0,0,0,0,1,0,0,0,0,0,0,0,0,0,0,0.246126405,0.446110117,0.900792254,0.166051629,0,0.0585678,0.013765237,0.570925928,0.063471569,0.122250335,0.260386612,1,0.053172468,0.088270164,0.249245763,0.155383163,0.140888982,0.31319817,0.198618082,0.045987984,0.175957606,0,0,0,0,0,0,0.205018821,0,0.258019967,1,0,0,0,0,0,0,0.098332138,0,0,0.428950052,0,0,0,0,0,0,0,0.049166069,0.049166069,0,0,0,0,0,0,0,0,0,0,0,0,0,0.176258514,0,0,0.277486224,0,0,0,0,0,0.278890857,0,0,0,0,0,0,0,0,0,0,0.049166069,0,0,0,0.127092445,0.225424583,0,0,0,0,0,0,0,0,0,0,0,0,0,0,0,0,0,0.364290627,0.138026606,0,0,0,0,0,0,0,0.098332138,0,0,0,0,0,0,0,0,0,0,0,0,0,0,0,0,0,0,0,0,0,0,0,0,0,0,0,0,0,0,0
,2,2,2,2,2,3,Shandong,2,1,4,2,1,0,1,0,0,0,0,0,1,1,0,1,0,1,0,0,0,0,0,0,0.242007219,0.443036849,0.883178944,0.166680717,0,0.057198423,0.013449321,0.586890624,0.061924033,0.1220151,0.255963992,1,0.052425531,0.0894664,0.251350133,0.153975039,0.146237565,0.309672486,0.196489818,0.04522827,0.176293201,0,0,0,0,0,0,0.104266143,0,0.010546346,1,0.007030897,0,0.017577244,0.012602752,0,0.074980849,0.097305262,0.101576603,0.007030897,0.111243066,0,0,0,0.11274921,0.028720953,0.003515449,0.022471864,0.032642356,0.159064406,0.046605667,0.100271882,0,0.13724444,0,0.050411008,0,0.007030897,0.198314997,0.401661936,0.003515449,0,0,0.111495528,0,0.160132679,0.22093694,0,0,0.003515449,0.009869112,0,0.072882872,0,0.019840687,0.084424961,0.057815244,0.021092692,0,0.186124547,0.063220797,0.120061758,0,0.011143709,0,0.010546346,0.028720953,0.067591583,0.180564463,0.026664547,0,0.023149098,0.031311717,0.056195532,0,0.156896448,0.131416087,0.125882546,0,0,0,0,0.109476552,0,0.021400164,0.03655625,0.03551759,0.016118201,0.274503096,0,0.185998174,0.058914139,0.142236895,0.183833475,0.101546802,0.61591568,0.062429587,0.024322909,0,0.048354602,0.076605358,0.032650477,0.050411008,0,0,0.066257929,0.023149098,0.028393631,0.030777358,0.007030897,0,0,0.003515449,0,0,0.299987252,0.003515449,0.007030897,0.050601111,0.057079241,0.009087303,0,0.036883572,0.077320022,0.012602752,0.070735081,0.215818689
,1,1,2,5,5,4,Oversea,1,1,5,2,1,0,1,1,0,1,0,0,0,0,0,1,0,0,0,0,0,0,0,0,0.241069202,0.442640035,0.880545292,0.166297858,0,0.056936921,0.013387833,0.585350878,0.061640926,0.122449586,0.258385779,1,0.05218585,0.089113508,0.250201,0.153747771,0.145681258,0.314118039,0.195736602,0.045409205,0.182268856,0,0,0,0,0,0,0.090385612,0,0.045192806,1,0,0,0,0,0,0,0.115124661,0.045192806,0,0.329453592,0,0,0,0,0,0,0.017482964,0,0.118095454,0,0.352808017,0,0,0,0.14846276,0,0,0.017482964,0.076790726,0,0,0,0,0,0,0.308780227,0,0,0,0,0,0.084046812,0,0,0.045192806,0.805695562,0.267848071,0,0,0.017482964,0.210010175,0,0,0,0,0.066563848,0.178830067,0.101529776,0.120752918,0,0,0,0.017482964,0,0,0,0,0,0,0,0,0,0,0,0,0.117143545,0.06267577,0.034965928,0,0.017482964,0,0.017482964,0,0.084046812,0.045192806,0.052448891,0.052448891,0,0.616881466,0.573062867,0.093043076,0.189720736,0,0,0.027709842,0.017482964,0,0,0,0,0,0,0,0,0.045192806,0,0,0,0,0,0,0.751264468,0.149693374,0.74339727,0.257783396,0.097641697
,1,1,2,4,4,3,Macao,2,1,5,1,1,0,0,1,1,0,0,1,1,1,0,1,0,0,1,0,0,0,0,0,0.240843855,0.44202138,0.879615664,0.166377589,0,0.056777022,0.013264437,0.584822196,0.061420996,0.122122599,0.258214477,1,0.052062742,0.089015533,0.250365512,0.153539531,0.145446972,0.313686479,0.195348184,0.045258968,0.182059988,0,0,0,0,0,0,0,0,0,1,0,0,0.117214311,0,0,0.302994599,0,0,0,0.185780288,0,0,0,0,0,0,0,0,0.457943489,0,0,0,0.185780288,0,0.185780288,0,0,0.117214311,0.272163202,0,0,0,0,0,0,0.580702707,0,0,0,0,0,0,0,0,0,0.329062173,0,0,0,0,0,0,0.185780288,0,0,0,0.185780288,0.117214311,0.117214311,0,0,0,0.185780288,0,0.713537763,0.117214311,0,0,0,0,0,0,0,0,0,0,0,0,0,0,0,0,0,0.117214311,0,0,0,0,0,0,0,0,0,0,0,0,0,0,0,0,0,0,0,0,0.117214311,0,0,0,0,0,0,0.117214311,0,0.117214311,0,0.522709205
,1,1,2,3,3,1,Sichuan,2,1,4,2,0,1,1,1,0,0,0,0,1,1,0,0,0,0,0,0,0,0,0,0,0.241375064,0.441539659,0.864032717,0.164659113,0,0.056832547,0.01281278,0.582589077,0.060098281,0.119530336,0.2527238,1,0.050750872,0.089294089,0.249632068,0.151365371,0.144948766,0.331664828,0.196650056,0.045333696,0.181238441,0,0,0,0,0,0,0.121893726,0,0.02677128,1,0.007387292,0,0.063801138,0.005854291,0.003693646,0.217776904,0.050969665,0.116384661,0.003693646,0.203245486,0,0,0,0.034498102,0.142391827,0.05439344,0.139178062,0.090951274,0.047673488,0.118739825,0.761634921,0,0.121476352,0.007387292,0.07715352,0,0.01693523,0.115936155,0.232561949,0,0,0,0.166172868,0.003693646,0.126467663,0.416246304,0,0,0,0.055817297,0,0.007387292,0,0,0.056593782,0.020628876,0.009547937,0.003693646,0.064812911,0.076534832,0.054716867,0,0.003693646,0,0.009547937,0.056249869,0.105028526,0.108827696,0.084023777,0,0.022161877,0.019095874,0.105784742,0,0.034296991,0.097518018,0.141375949,0,0,0,0,0.08123348,0,0,0.003693646,0.007387292,0.007387292,0.175322708,0,0.068327284,0.007387292,0.077983913,0.073799403,0.003693646,0.13959021,0.038104695,0.033720342,0,0.379194603,0.284323744,0.148559779,0.200067106,0.017756668,0,0.111439197,0.0464844,0.061697712,0.090508292,0.014774585,0,0.007387292,0,0.003693646,0,0.182751498,0.003693646,0.019241878,0.007387292,0.01965732,0.008576381,0,0.011080939,0.070047566,0,0.137373872,0.194687749
,1,1,2,3,4,1,Shanghai,2,1,4,1,1,1,0,0,0,0,0,1,0,1,0,0,0,0,0,0,0,0,0,0,0.240919313,0.443655434,0.864023345,0.165175337,0,0.056557819,0.012750844,0.589728637,0.060086672,0.119170029,0.251556513,1,0.050668668,0.092766463,0.250621627,0.152044775,0.151569134,0.331007274,0.196134453,0.045277679,0.182436249,0,0,0,0,0,0,0.930684431,0,0.036727981,1,0.042639865,0,0,0,0,0.185050544,0.263336867,0.274831518,0.01836399,0.254200788,0,0,0,0.462299914,0.055091971,0,0.190844417,0.116095826,0.388069644,0,0.1250102,0,0.272737376,0,0.131668433,0,0.01836399,0.201586662,0.853215495,0.051554239,0,0,0.168396414,0,0.055091971,0.161738181,0,0,0,0,0,0.01836399,0,0,0.01836399,0,0,0,0.113304443,0.055091971,0.091819952,0,0.036727981,0,0,0.142410679,0.01836399,0.181512812,0.055091971,0,0.299709844,0.172480426,0.384008217,0,0.17913866,0.205670675,0.084198207,0,0,0,0,0.265429169,0,0.01836399,0.01836399,0,0,0.895060419,0,0.766961996,0.52393811,0.726946522,0.454678729,0.23379782,0.365372581,0.120926188,0,0,0.01836399,0.102562197,0.01836399,0.055091971,0,0,0.036727981,0.01836399,0.036727981,0.055091971,0,0,0,0,0,0,0.644922007,0.047470226,0.01836399,0.01836399,0.271444747,0.036727981,0,0.287796089,0.254968773,0,0.065834217,0.302439
,1,1,2,3,3,3,Hubei,2,1,5,1,1,1,1,0,1,0,0,1,1,1,0,0,1,0,0,0,0,0,0,0,0.244274242,0.450999819,0.877736709,0.160220429,0,0.053598227,0.012026801,0.59425793,0.082943357,0.115124887,0.241127692,1,0.049100451,0.089625865,0.248566155,0.154075925,0.151851001,0.326828079,0.192301341,0.044642602,0.179341943,0.002295945,0,0,0,0,0,0.941753243,0,0.019710602,1,0.520765956,0,0.035568444,0.020449731,0.064869099,0.353759734,0.270124971,0.121084911,0.065443913,0.302140187,0,0,0,0.025780751,0.179480489,0,0.190016896,0.40143481,0.10587289,0.06008471,0.172835777,0,0.110426002,0.025357322,0.206469495,0,0.030627563,0.198157824,0.353243798,0.309990432,0.016461754,0,0.216022304,0.012822767,0.040201481,0.664981206,0,0,0.00459189,0,0.002295945,0.034829314,0,0.002295945,0.038078163,0.040160334,0.011479725,0,0.107120727,0.190066607,0.06181789,0,0.042145879,0,0.002295945,0.43419651,0.462921695,0.200549057,0.0600473,0,0.015118712,0,0.029284521,0,0.194789605,0.118944823,0.035184768,0.00918378,0,0,0,0.128710821,0,0.002295945,0.016461754,0.006887835,0.006887835,0.290841606,0,0.137520858,0.043068806,0.084949356,0.083574657,0.111187633,0.163417827,0.059577279,0.061612285,0,0.098173521,0.177821362,0.018892916,0.071010285,0.241377112,0,0.109473205,0.031190328,0.01624798,0.036562495,0.00918378,0,0.002295945,0.00918378,0.007277974,0,0.282677139,0.025041622,0.034401766,0.041503376,0.063258312,0.082149178,0,0.051816423,0.069793845,0.024302492,0.058212517,0.207213465
,2,2,2,3,3,3,Zhejiang,2,1,5,1,0,0,1,0,1,0,1,0,1,1,1,1,0,0,0,0,0,1,0,0,0.32946463,0.584984332,1,0.172535206,0,0.244573977,0.055172744,0.910014697,0.184989586,0.086455929,0.090286406,0.960640729,0.113276463,0.07274286,0.242899372,0.168706305,0.549155429,0.222615205,0.26928479,0.038251453,0.159478541,0,0,0,0,0,0,0,0,0,0.52640575,0.013613668,0,0,0,0,0.097608981,0.013613668,0.123568757,0.021577154,0.013613668,0,0,0,0.013613668,0.064731462,0,0.027227337,0,0.066800781,0.013613668,0.040841005,0,0.136741051,0,0.048804491,0,0,0.481155653,0.626763019,0,0.021577154,0,0.124212762,0,0.062418159,0.20963339,0,0,0,0,0,0,0,0,0,0.013613668,0,0,0.021577154,0.013613668,0,0,0,0,0.013613668,0,0,0.092673072,0,0,0.013613668,0,0,0,0.040841005,0.39752307,0.040841005,0,0,0,0,0.107885769,0,0,0,0,0,0.297883612,0,0.238736787,0.031609959,0.056767976,0,0.234081623,1,0.189928164,0,0,0.013613668,0,0,0.013613668,0,0,0,0,0,0,0,0,0,0,0,0,0.471546834,0.076436798,0.040841005,0.130177197,0.027227337,0.013613668,0,0,0.027227337,0,0.013613668,0.136516587
,1,1,2,5,5,3,Shaanxi,2,1,5,1,1,0,1,0,1,0,0,1,0,1,0,0,0,0,0,0,0,0,0,0,0.28231522,0.455349792,1,0.116117352,0,0.14981959,0.024704432,0.655543352,0.100390665,0.066215408,0.059123992,0.768766259,0.066882646,0.063773135,0.205524589,0.206383929,0.292980566,0.199191975,0.177158257,0.052812482,0.14747261,0,0,0,0,0,0,0.312311423,0,0.045992913,1,0.037162213,0,0.091505435,0.023242306,0,0.342455506,0.244418817,0.245906642,0.026704507,0.287555802,0,0,0,0.116645201,0.110679523,0.023242306,0.324675864,0.21582427,0.203247566,0.0889284,0.315692343,0,0.118031445,0,0.198052438,0,0.004002219,0.182747821,0.245845595,0.020011095,0.010345586,0,0.284633205,0,0.117242643,0.345767812,0,0,0,0.032555755,0,0.053997351,0,0.004002219,0.068807321,0.041990694,0.008004438,0,0,0.075945589,0.05799957,0,0.058946065,0,0.031645108,0.478377039,0.15173321,0.245857353,0.143726735,0,0.093836194,0.020691172,0.12163983,0,0.09293969,0.304566609,0.087007363,0,0,0,0,0.111087654,0,0.046117857,0.008004438,0.014347805,0.004002219,0.235807221,0,0.082191773,0.009292865,0.077220938,0.046882976,0.039649546,0.375191236,0.036327404,0.062891852,0,0.15935702,0.130277625,0.112151766,0.118575993,0.004002219,0,0.097600797,0.058930729,0.004002219,0.028105054,0,0,0.012006657,0,0,0.004002219,0.195621147,0.036019971,0.032535171,0.037217467,0.048440008,0.041052312,0,0.43056471,0.174798576,0.024851592,0.159628305,0.289664128
,2,1,2,4,4,3,Beijing,1,1,5,2,1,1,1,0,0,0,0,0,1,0,0,0,0,0,0,0,0,0,0,0,0.267618664,0.446117893,1,0.130917764,0,0.135997754,0.022425287,0.66475328,0.093375562,0.071593034,0.109374816,0.800828308,0.06228242,0.059459782,0.203692777,0.205541446,0.272498381,0.234402066,0.178605609,0.052601859,0.170603649,0,0,0,0,0,0,0,0,0,0.270346562,0,0,0,0,0,0,0,0.066511785,0,0.085965235,0,0,0,0.033255893,0,0,0.15247702,0,0,0.115046486,0,0,0.066511785,0,0,0,0,0.279094006,0.085965235,0,0,0,0.099767678,0,0,0.099767678,0,0,0,0,0,0,0,0,0,0,0,0,0,0,0,0,0,0,0,0,0,0.033255893,0.033255893,0,0,0,0,0,0,0.052709343,0,0,0,0,0,0,0,0,0,0,0,0.196438919,0,0,0,0,0,0.141268621,1,0.085965235,0,0,0,0,0,0,0,0,0,0.066511785,0.066511785,0,0,0,0,0,0,0,0.119221128,0,0,0.19138392,0,0,0,0,0,0,0,0.033255893
,1,1,2,5,5,3,Shaanxi,2,1,5,1,1,1,0,0,0,0,0,1,0,0,0,0,0,1,0,0,0,0,0,0,0.211474655,0.322921548,1,0.094364991,0,0.082627463,0.013611343,0.505984106,0.076672673,0.057306623,0.071822298,0.671307399,0.042835168,0.041151615,0.168435917,0.141335917,0.181638613,0.17080221,0.151410592,0.049824938,0.13893964,0.000755863,0,0,0,0,0,0.256745494,0,0.010953861,0.434047318,0.04681433,0,0.016616678,0.006418681,0.005830916,0.110296781,0.041943203,0.027054217,0.007616696,0.080544206,0,0,0,0.01641786,0.083881588,0.004221469,0.037805199,0.303866215,0.042423923,0.053623611,0.032959303,0,0.037807218,0.014861618,0.043651767,0,0.018328737,0.041951006,0.120373452,0.017675294,0.001511727,0,0.047652363,0.009128423,0.033734453,0.346277046,0,0,0.000755863,0.000755863,0,0.040631893,0,0.000755863,0.015511526,0.009809051,0.00453518,0,0.022319154,0.013221451,0.034222573,0,0.019359976,0,0.006964766,1,0.237466602,0.100363705,0.075785068,0,0.003023454,0.000755863,0.006175347,0,0.063199868,0.095514131,0.026033411,0,0,0,0,0.02345795,0,0,0.005220666,0.009272015,0.00226759,0.094491894,0,0.030398402,0.012980954,0.029430152,0.014568659,0.050424285,0.036859461,0.05774149,0.012281213,0,0.033541602,0.023408489,0.007488256,0.047848264,0.027586922,0,0.051025481,0.051167394,0.009570574,0.038350654,0.009313694,0,0.006617499,0,0,0.005534377,0.103538791,0.010504872,0.005976529,0.006046907,0.026607374,0.004464802,0,0.036500457,0.034003016,0.013862421,0.057536899,0.102897008
,1,2,2,4,3,3,Shanghai,2,1,5,1,0,0,1,0,1,0,0,0,1,0,0,0,0,0,0,0,0,1,0,0,0.211397589,0.328104591,1,0.095050197,0,0.082597352,0.013606382,0.5260396,0.076644732,0.05728574,0.072496017,0.679153693,0.042819558,0.041634128,0.168780237,0.142409707,0.181572421,0.171302614,0.151669309,0.050120674,0.139451655,0,0,0,0,0,0,0,0,0,0.426800793,0,0,0,0,0,0,0.027584026,0.035651836,0,0.138132734,0,0,0,0.021859823,0,0,0.070743137,0,0.013792013,0.013792013,0,0,0,0,0.021859823,0,0,0.063235862,0.146398215,0,0,0,0.166116439,0,0.049443849,0.069572349,0,0,0,0,0,0,0,0,0.061504538,0,0,0,0,0.052511088,0.049443849,0,0,0,0,0,0,0.032024062,0.013792013,0,0.021859823,0,0,0,0,0.021859823,0.013792013,0,0,0,0,0.027584026,0,0,0,0,0,0.243443532,0,0,0,0,0,0.071303672,1,0.035651836,0,0,0,0.013792013,0,0.035651836,0,0,0,0.013792013,0,0,0,0,0,0.013792013,0,0,0.218589806,0,0.013792013,0.049443849,0.013792013,0,0,0,0,0,0,0.16212356
,1,1,2,4,4,3,Shaanxi,2,1,5,1,1,0,1,0,1,1,0,1,0,0,0,0,0,1,0,0,0,0,0,0,0.211364416,0.328210026,1,0.095349125,0,0.08258439,0.013604247,0.527330887,0.076632705,0.057276751,0.072484641,0.680130962,0.042812839,0.041941438,0.170033422,0.142984817,0.184138256,0.171275733,0.151645508,0.050112809,0.139429772,0,0,0,0,0,0,0,0,0,0.937039347,0,0,0,0,0,0,0.158634959,0,0,0,0,0,0,0,0,0,0,0,0.317269918,0,0,0,0.368338968,0,0,0,0,0,0.502860922,0,0,0,0,0,0,0,0,0,0,0,0,0,0,0,0,0,0,0,0,0,0,0,0,0,0,0,0.158634959,0,0,0,0,0,0.317269918,0,0.925300268,0,0,0,0,0,0,0,0,0,0,0,0,0.158634959,0,1,0.736677936,0.568700379,0.317269918,0.251430461,0,0.475904877,0,0,0,0,0,0,0,0,0,0,0,0,0,0,0,0,0,0,0,0,0,0.603979592,0,0,0,0,0,0,0,0.158634959
